Actual,Predicted
9,10.340506436591856
97,20.654424999253983
13,8.051138409337081
11,10.486469239329136
24,30.08766083619281
14,9.894771281862369
15,11.231293966299749
15,21.353871131359064
13,13.086179287413131
42,15.953602994691977
9,9.194128229729051
47,36.58937607806756
2,6.9507134079359805
59,50.193299577157816
37,29.502118816605087
37,36.937601709556795
90,88.8477250446394
27,21.804091447437244
34,36.937601709556795
42,36.937601709556795
19,20.654424999253983
9,7.432387476927782
91,73.01800452581756
19,20.654424999253983
9,6.9507134079359805
10,12.231547937422194
9,6.9507134079359805
9,13.056805564470952
14,11.864963371559131
27,21.958662344412716
7,6.9507134079359805
15,13.086179287413131
23,26.18029447338292
8,8.051138409337081
12,11.09228299686237
6,4.905468382676053
8,8.141117710268954
6,8.051138409337081
20,15.10138129475909
113,92.28936319408038
5,11.138220531577648
22,25.53845192428519
36,24.70450795182669
46,35.211898549041095
52,49.742823753324004
9,11.760632198697344
18,14.224397394153112
7,11.138220531577648
47,45.74855913228642
10,17.16982176266548
4,4.426637737252099
18,17.016562987400054
15,15.17237032264452
26,24.03830846387341
86,85.7977172171571
17,29.502118816605087
8,6.9507134079359805
6,6.148785737349477
59,52.55043889779508
28,20.654424999253983
16,17.45776137515449
5,8.141117710268954
1,4.1494469677751855
4,6.9507134079359805
25,21.06287597949589
34,28.03543932041161
6,4.288412627632065
9,12.112370379819179
12,5.79536462048781
22,16.448517269705217
47,39.4608639372058
34,31.525968027757123
9,15.910367551561862
5,8.051138409337081
33,31.892463631440933
72,65.77719836173654
21,21.804091447437244
19,17.279232846625963
4,6.214498201953512
16,14.830642562058742
35,23.336699463104704
30,23.673071436056645
13,19.264580740962682
16,14.083896770714176
12,11.760632198697344
19,12.082229863616037
7,7.0085624498531205
34,44.59349384857968
51,45.43677280375392
28,20.654424999253983
61,52.44334568173893
21,24.162835389994676
5,19.075360392092204
14,11.231293966299749
20,21.06287597949589
10,8.141117710268954
3,7.600484206395791
6,4.082235462443193
16,20.95774111417888
31,45.43677280375392
35,28.753638078759572
16,15.13776895619001
32,23.673071436056645
2,4.175771511650675
9,7.600484206395791
9,13.086179287413131
63,54.21650203887312
31,45.051658841577115
6,7.247151494875664
14,11.760632198697344
7,8.141117710268954
54,51.66476236135069
85,71.49850619317515
13,8.969448796853225
14,13.086179287413131
17,29.502118816605087
6,8.051138409337081
5,4.082235462443193
17,23.57266308820229
17,19.848549067415032
10,15.953602994691977
6,12.097060713705778
6,9.052817031389306
4,6.9507134079359805
42,62.07332890280122
4,7.247151494875664
23,15.222114877454157
26,21.06287597949589
55,49.742823753324004
9,8.141117710268954
8,9.894771281862369
19,14.224397394153112
17,14.224397394153112
7,15.953602994691977
55,56.32037411420055
6,6.9507134079359805
7,8.051138409337081
16,21.447239930279906
4,4.969125501426836
44,38.699671755057196
46,52.83458063096616
6,5.674844117913958
10,6.9507134079359805
68,63.18721173485223
6,8.141117710268954
9,15.953602994691977
55,55.31287572318322
25,23.682473398619884
13,11.760632198697344
6,6.9507134079359805
55,49.742823753324004
26,21.804091447437244
7,9.894771281862369
20,15.910367551561862
50,44.44997666455611
13,11.155290466790898
9,8.15566948439239
115,91.31962858583894
54,54.71776736921089
42,39.4608639372058
9,10.226202590755888
54,46.37301494710698
58,52.44334568173893
31,25.078775616994264
30,49.140922596821795
19,20.654424999253983
72,55.60640936398592
15,20.654424999253983
10,14.224397394153112
5,13.086179287413131
11,8.141117710268954
13,15.107099496851253
5,9.208274660594912
15,20.95774111417888
25,24.118358429022578
8,5.674844117913958
45,48.19848867504017
8,12.082229863616037
5,4.14135637643875
11,15.910367551561862
32,10.878774202996436
9,15.953602994691977
5,7.813586735974712
7,6.9507134079359805
53,46.12412862805432
10,15.222114877454157
38,58.45309965802922
53,47.90302867271198
21,24.975589940064133
16,15.953602994691977
19,15.222114877454157
31,29.502118816605087
20,25.296272148760277
12,15.953602994691977
21,5.070482460286532
2,15.953602994691977
7,4.082235462443193
14,10.71162170858273
8,8.19828529844898
68,61.11087505349177
30,45.67412646314197
57,49.140922596821795
12,15.707470286998012
74,58.302640334352326
25,26.18029447338292
53,62.07332890280122
9,6.214498201953512
7,9.843502999274646
7,8.459824209624058
18,19.59299264179822
45,44.66254831003925
5,8.894215929411224
50,52.91649036451455
10,20.654424999253983
7,6.9507134079359805
11,9.894771281862369
9,8.141117710268954
10,16.163046103387423
13,11.055879646587119
16,15.222114877454157
13,8.94255868841196
8,14.224397394153112
78,60.28153858019643
5,6.9507134079359805
6,8.15566948439239
13,10.887033291759248
6,7.155100315027139
69,77.67804295338067
27,30.410204825084385
30,30.08766083619281
9,8.141117710268954
2,4.285635420288315
49,47.65828101136401
7,5.102865048360429
19,25.652198667301967
20,15.10138129475909
29,37.72742251598697
16,15.910367551561862
91,87.87574959392978
9,14.224397394153112
16,13.993293695651241
11,8.989180045334829
22,35.211898549041095
22,15.953602994691977
27,37.994611136594195
59,77.03907348773183
8,10.218212064297484
8,11.903612633677747
6,4.175771511650675
18,20.654424999253983
3,6.9507134079359805
25,35.472972997994
14,13.086179287413131
9,8.141117710268954
19,20.282529054613498
28,44.57475800566398
21,15.953602994691977
9,6.9507134079359805
16,7.432387476927782
20,20.654424999253983
14,8.051138409337081
14,11.760632198697344
26,21.804091447437244
16,16.1277588224092
12,15.953602994691977
19,15.770367112394837
47,52.24473214611768
37,29.502118816605087
7,9.892378868176575
7,13.692424455318758
43,41.616722679486074
17,19.264580740962682
5,10.58821469700841
15,21.06287597949589
4,8.141117710268954
54,49.140922596821795
19,17.016562987400054
86,80.21361122735149
35,43.53864478075862
18,21.958662344412716
82,61.69987702233309
53,63.975354418607004
12,8.613196310577418
22,18.91550704975158
7,4.175771511650675
24,20.95774111417888
7,8.051138409337081
16,15.10138129475909
17,20.654424999253983
14,17.277785992003924
11,8.141117710268954
65,56.69382599466868
10,15.953602994691977
51,78.17788551704056
30,37.72742251598697
9,8.94255868841196
3,3.4276342205260972
28,20.654424999253983
11,8.103458008992597
32,26.24690996850061
18,18.4444228272015
26,15.910367551561862
25,19.264580740962682
11,10.58821469700841
9,11.032996094496529
6,15.910367551561862
29,25.790782151376696
16,19.694989785086744
8,6.9507134079359805
56,81.50035242219154
26,32.8535285091551
60,57.33165149210488
15,11.760632198697344
25,24.08989292800341
23,27.58880247189513
20,24.969222146132
18,23.368022744249146
18,14.840211391339981
24,29.791061234968613
27,22.490759404498657
10,11.231293966299749
32,50.04580111759155
10,8.676829194463979
63,49.977595428776326
10,8.141117710268954
21,35.472972997994
5,6.9507134079359805
8,10.887033291759248
9,15.222114877454157
29,25.078775616994264
19,25.706685034121204
4,15.953602994691977
32,51.84709315913352
50,43.446933445172235
5,8.076722245309444
9,14.083896770714176
7,9.864426528564504
29,35.4447515749777
2,4.426637737252099
19,15.10138129475909
7,4.14135637643875
33,29.502118816605087
6,7.574785251456257
31,44.36539865369976
34,35.211898549041095
13,13.074563601455697
13,21.804091447437244
18,20.654424999253983
12,10.158723302106683
57,78.17788551704056
2,6.9507134079359805
18,21.804091447437244
32,31.657442900716177
19,14.224397394153112
6,8.94255868841196
44,35.02777513118611
5,6.9507134079359805
6,7.953039672301097
17,17.306397191570394
3,4.288412627632065
16,15.910367551561862
10,8.15566948439239
16,15.222114877454157
20,19.154523456597495
16,22.490759404498657
11,11.822307692307692
50,57.254629365122454
8,7.849030954269528
37,63.47946151306424
28,35.4447515749777
16,20.654424999253983
5,6.9507134079359805
15,11.864963371559131
5,4.175771511650675
19,35.211898549041095
14,24.682748460994976
86,79.80750228432699
7,14.830642562058742
16,14.083896770714176
55,58.07964777756109
88,71.49850619317515
27,24.03830846387341
9,11.760632198697344
22,20.95322773032782
31,21.804091447437244
40,43.446933445172235
44,42.766828836598606
26,23.336699463104704
17,14.224397394153112
19,16.26952975419858
12,8.92113983833202
17,15.222114877454157
9,22.72520287602327
15,19.264580740962682
37,35.472972997994
19,7.432387476927782
8,15.953602994691977
14,14.224397394153112
19,16.26952975419858
9,15.953602994691977
5,11.138220531577648
12,15.10138129475909
36,20.654424999253983
18,26.842283469213516
25,44.57475800566398
39,36.937601709556795
13,11.760632198697344
5,5.317647835650184
59,58.07964777756109
16,17.300970665137474
3,8.141117710268954
17,19.59299264179822
66,54.1032674015528
13,15.910367551561862
15,17.016562987400054
22,19.264580740962682
28,31.657442900716177
13,13.086179287413131
9,8.15566948439239
36,31.657442900716177
19,18.081171979083216
62,62.07332890280122
6,6.9507134079359805
24,29.791061234968613
94,89.72749198061605
8,8.94255868841196
68,58.15559673910186
17,13.086179287413131
73,61.11087505349177
15,11.760632198697344
9,8.141117710268954
38,63.1060096325961
17,21.666840888068073
6,6.9507134079359805
95,91.84764912205874
15,15.953602994691977
8,10.58821469700841
5,8.141117710268954
25,25.078775616994264
11,14.083896770714176
16,22.490759404498657
18,11.138220531577648
19,15.0326089138625
35,32.777955707528186
6,8.617491190230087
27,25.077482785926822
173,26.869830886198194
12,15.953602994691977
63,57.62808124559059
27,31.089975183557975
5,7.600484206395791
25,22.050500362282854
13,11.09228299686237
45,42.476125419880645
75,63.47946151306424
22,14.890879120879124
8,9.976377290463502
8,8.051138409337081
11,7.600484206395791
13,10.486469239329136
7,8.66405363177952
8,7.600484206395791
30,30.08766083619281
13,18.91550704975158
43,47.65828101136401
8,14.224397394153112
38,35.472972997994
12,11.09228299686237
9,6.9507134079359805
63,71.74853514032591
16,21.804091447437244
5,7.247151494875664
34,35.211898549041095
35,35.211898549041095
14,15.953602994691977
8,5.439119470518176
16,18.4444228272015
2,5.317647835650184
9,6.9507134079359805
24,24.656933825949416
15,15.577113144140867
8,8.141117710268954
54,47.82990941325852
21,20.654424999253983
4,8.15566948439239
20,27.851105565991816
19,29.502118816605087
41,41.616722679486074
4,8.19828529844898
6,6.9507134079359805
7,6.9507134079359805
7,10.58821469700841
29,21.068516147110905
1,3.4276342205260972
11,9.894771281862369
11,14.205580643753034
10,11.451788337038575
7,8.898388497240635
9,8.546191039021668
69,56.596474922642145
11,8.15566948439239
15,13.086179287413131
17,15.10138129475909
16,15.222114877454157
4,8.051138409337081
30,23.682473398619884
6,8.141117710268954
6,8.15566948439239
7,6.9507134079359805
7,8.141117710268954
17,20.654424999253983
6,8.141117710268954
6,6.9507134079359805
9,11.09228299686237
13,16.26952975419858
5,6.287519110388985
24,16.409502853505934
13,15.953602994691977
12,10.871006066081572
24,29.791061234968613
14,8.141117710268954
4,4.285635420288315
21,18.91550704975158
9,10.437337662337663
9,7.272862983162911
17,14.224397394153112
7,4.364101598479211
22,16.69206361590478
16,15.910367551561862
34,29.502118816605087
14,15.848648377631582
9,8.546191039021668
9,7.600484206395791
58,74.67154517978823
13,10.001650707803622
33,35.211898549041095
20,19.59299264179822
47,54.21650203887312
15,13.351057408901761
5,8.051138409337081
15,10.387301819015175
23,21.804091447437244
42,36.937601709556795
73,60.28153858019643
9,15.953602994691977
5,4.905468382676053
20,35.472972997994
59,20.654424999253983
39,35.4447515749777
11,15.910367551561862
35,28.701181864555746
14,11.032996094496529
6,8.141117710268954
38,40.40414692809124
9,9.89473938984603
29,41.165815464272086
49,45.597394895990405
16,19.372331029529107
20,15.953602994691977
34,23.682473398619884
4,3.486516534793027
8,8.141117710268954
77,76.71726027173911
11,10.375692182730464
14,22.72520287602327
21,23.521477233158095
13,15.953602994691977
12,11.09228299686237
38,46.45369700239882
2,4.905468382676053
31,25.06291490602539
47,35.472972997994
45,35.4447515749777
11,14.083896770714176
89,77.40643332877056
17,15.848648377631582
84,81.13264742180247
6,8.459824209624058
8,8.00298390465491
11,15.953602994691977
22,17.611959695826222
7,9.194128229729051
45,62.280991220157475
10,6.1848532642848095
9,8.141117710268954
27,35.4447515749777
12,22.490759404498657
32,29.502118816605087
36,25.473226833918737
14,22.72520287602327
16,26.38270591367878
46,39.02924012940169
4,8.051138409337081
16,10.887033291759248
18,21.447239930279906
5,8.308915118714967
35,41.616722679486074
40,38.456150601695306
36,31.657442900716177
16,16.9114652014652
7,6.9507134079359805
7,6.9507134079359805
45,44.029835850577044
12,12.4519302009553
41,35.472972997994
13,25.511692074895496
4,4.14135637643875
83,77.0675144128076
31,30.08766083619281
81,62.72427653415964
5,11.138220531577648
12,15.222114877454157
7,4.819843490125594
8,8.775026851191514
9,8.563389140052292
35,20.654424999253983
17,27.055747888989902
21,22.050500362282854
26,30.410204825084385
31,26.488993730138837
5,6.9507134079359805
15,14.083896770714176
41,60.22577136085962
17,24.46141271373145
18,24.669029010122433
12,11.760632198697344
22,23.336699463104704
54,48.896732828841394
9,12.24457898089874
53,47.88381893617688
9,8.141117710268954
10,15.222114877454157
54,73.21277438072387
28,25.396047826444853
19,18.418951139782017
60,47.70111699909707
12,9.06245909287603
43,15.953602994691977
14,15.953602994691977
35,35.472972997994
16,20.654424999253983
30,20.95322773032782
10,8.051138409337081
81,95.69275766518973
8,9.06245909287603
15,14.083896770714176
44,77.6094959249168
12,12.082229863616037
63,54.9986367706464
17,14.830642562058742
42,38.456150601695306
8,9.06245909287603
14,13.086179287413131
58,51.19893553658038
17,19.264580740962682
5,6.214498201953512
20,20.985288531163558
17,27.773946647337862
5,6.9507134079359805
4,4.969125501426836
7,8.051138409337081
14,9.06245909287603
11,15.953602994691977
18,17.607979494910815
4,6.9507134079359805
29,21.804091447437244
50,72.63823484394557
11,7.517249059489977
64,79.4026517282776
20,26.152747056398237
9,8.051138409337081
34,42.23184533020917
18,15.953602994691977
4,4.225876488859177
54,83.23038674713433
27,24.03830846387341
10,14.224397394153112
15,14.830642562058742
8,7.432387476927782
14,15.953602994691977
10,12.4519302009553
29,23.521477233158095
6,14.991011178952286
6,6.1848532642848095
8,6.9507134079359805
15,14.224397394153112
6,6.360290213009121
7,10.878774202996436
7,5.674844117913958
9,14.484801165716092
6,6.9507134079359805
22,18.91550704975158
13,10.321323273834537
6,15.953602994691977
11,13.881044831422068
19,26.842283469213516
6,11.760632198697344
11,9.894771281862369
9,8.051138409337081
11,11.760632198697344
10,7.297465182926972
19,15.953602994691977
27,30.08766083619281
36,35.211898549041095
20,30.08766083619281
17,20.654424999253983
15,18.57362589969484
24,26.569668217325848
18,22.490759404498657
2,5.317647835650184
19,20.95322773032782
14,15.953602994691977
9,7.600484206395791
10,7.205553845795782
16,14.205580643753034
10,9.894771281862369
8,8.051138409337081
8,6.9507134079359805
10,8.051138409337081
12,15.953602994691977
14,11.760632198697344
8,8.227173181137077
64,56.69382599466868
7,5.180312886361417
7,8.141117710268954
8,15.953602994691977
9,8.141117710268954
9,7.155100315027139
6,6.9507134079359805
97,77.0675144128076
8,6.1848532642848095
8,15.953602994691977
32,37.908727322589684
23,15.222114877454157
23,35.472972997994
14,16.448517269705217
35,52.46944800513096
21,17.298094431468055
12,10.218212064297484
27,21.804091447437244
5,4.175771511650675
18,16.448517269705217
15,15.97734020880149
11,8.141117710268954
11,14.224397394153112
40,57.821254566562075
70,75.04303026605184
11,14.171604337410093
31,26.17528050945291
7,9.06245909287603
18,18.91550704975158
11,8.141117710268954
17,15.953602994691977
2,4.14135637643875
18,18.081171979083216
16,15.910367551561862
14,16.26952975419858
5,15.953602994691977
21,21.068516147110905
48,43.39949126548563
19,15.953602994691977
6,8.141117710268954
16,17.37886126082113
67,56.69382599466868
13,14.224397394153112
25,25.02538200382604
9,11.054707755144573
20,19.264580740962682
20,14.224397394153112
7,8.051138409337081
113,95.00881676375685
13,7.485040963661332
21,26.920349561120666
18,19.11399769619577
9,8.15566948439239
15,13.086179287413131
12,12.531721838041598
38,51.07546263197229
56,45.78790536896526
6,4.082235462443193
15,15.10138129475909
9,9.023504259543497
28,23.336699463104704
8,8.141117710268954
11,11.155290466790898
59,63.47946151306424
6,15.953602994691977
8,11.032996094496529
6,9.336855107714289
7,8.076722245309444
16,13.086179287413131
22,18.343347558384295
25,35.472972997994
13,20.654424999253983
6,7.205553845795782
8,11.760632198697344
9,8.141117710268954
53,88.27933545251564
92,73.12995686449477
8,8.141117710268954
8,7.205553845795782
20,18.18022297477337
14,11.760632198697344
28,29.941236401978262
7,8.141117710268954
4,4.082235462443193
14,14.830642562058742
12,11.760632198697344
17,15.222114877454157
12,15.222114877454157
3,5.180312886361417
13,14.083896770714176
12,11.032996094496529
7,13.086179287413131
7,8.051138409337081
35,35.211898549041095
10,10.625308884252496
10,9.208274660594912
48,44.29833778372346
22,21.726057490545575
11,8.652966516505764
3,11.138220531577648
38,49.39695579428175
18,15.910367551561862
5,8.736369437280604
20,26.920349561120666
42,15.953602994691977
28,23.576766535754693
37,43.13282411529313
45,45.78314961534812
57,52.04570669475478
26,24.46141271373145
50,35.4447515749777
13,15.953602994691977
30,26.099416774717533
8,9.06245909287603
15,14.224397394153112
28,21.804091447437244
7,6.9507134079359805
28,25.907697679901837
5,10.878774202996436
8,8.141117710268954
11,10.878774202996436
45,35.4447515749777
6,8.925475135700726
6,10.878774202996436
20,15.910367551561862
6,6.1848532642848095
35,47.86918919571765
26,34.46030741402791
12,15.910367551561862
13,10.878774202996436
12,10.878774202996436
21,21.06287597949589
60,46.88970185971515
50,46.37301494710698
30,37.579158948245194
8,9.894771281862369
23,14.083896770714176
7,7.719119675719028
18,15.17237032264452
56,46.45369700239882
10,20.654424999253983
16,15.953602994691977
10,13.086179287413131
7,7.423621870554906
11,11.231293966299749
7,8.051138409337081
31,27.609885973935945
10,14.224397394153112
45,36.58937607806756
20,18.081171979083216
13,20.282529054613498
10,13.086179287413131
45,57.33165149210488
25,35.211898549041095
6,4.14135637643875
7,12.082229863616037
9,9.25519973843825
36,42.476125419880645
8,6.9507134079359805
12,18.081171979083216
6,9.06245909287603
47,71.05618552199435
89,70.78857763145683
14,14.224397394153112
31,26.18029447338292
5,8.141117710268954
3,4.175771511650675
7,12.082229863616037
11,9.06245909287603
30,21.804091447437244
7,8.995249969236887
39,22.72520287602327
5,7.391013263007383
68,63.975354418607004
72,63.902327183251245
17,12.4519302009553
22,21.804091447437244
10,7.600484206395791
12,9.894771281862369
39,30.997962480450248
5,6.9507134079359805
12,8.051138409337081
42,36.937601709556795
20,24.682748460994976
31,32.777955707528186
66,48.19848867504017
9,8.888691948959655
15,24.03830846387341
9,15.10138129475909
41,36.937601709556795
3,5.045624699780379
9,14.224397394153112
4,7.07767937554991
22,35.472972997994
5,7.0085624498531205
27,24.118358429022578
9,9.976377290463502
23,21.958662344412716
47,37.994611136594195
35,30.08766083619281
16,14.083896770714176
28,37.72742251598697
46,74.40406080040297
14,14.224397394153112
8,7.517249059489977
8,8.74965028019648
15,15.953602994691977
16,19.264580740962682
14,14.224397394153112
37,35.705826023930605
61,63.47946151306424
15,15.910367551561862
10,8.141117710268954
19,27.851105565991816
31,31.089975183557975
24,21.898906159384303
48,35.705826023930605
52,44.29833778372346
10,20.654424999253983
17,20.51503885653252
54,49.084286524563524
10,8.736369437280604
14,11.09228299686237
8,8.051138409337081
16,14.083896770714176
10,14.830642562058742
18,20.654424999253983
11,8.476128143907829
16,9.06245909287603
18,25.511692074895496
75,75.118410770309
30,22.746534325975357
11,8.141117710268954
21,23.336699463104704
19,15.953602994691977
100,103.16876772152314
9,9.06245909287603
8,9.06667459119179
53,63.47946151306424
26,20.654424999253983
55,75.4584032412163
7,11.138220531577648
12,11.760632198697344
17,14.224397394153112
76,70.0541464315714
33,25.02538200382604
13,6.9507134079359805
14,23.57266308820229
60,81.1326860532204
6,4.409847369567593
13,15.222114877454157
50,41.616722679486074
49,52.39471089504211
30,20.654424999253983
73,63.47946151306424
58,46.37301494710698
23,16.448517269705217
20,26.152747056398237
5,8.459269983206116
10,14.224397394153112
14,14.224397394153112
15,20.654424999253983
88,73.43950943645754
27,46.37301494710698
30,26.38270591367878
23,20.42564405409294
11,13.074563601455697
63,52.24473214611768
54,45.26726438749953
6,6.9507134079359805
18,24.08989292800341
10,9.855550616558562
90,90.86953350570997
11,8.051138409337081
53,49.39695579428175
12,14.830642562058742
7,6.9507134079359805
31,31.58771084266333
54,70.0541464315714
19,14.224397394153112
10,8.141117710268954
9,8.141117710268954
8,8.051138409337081
17,14.205580643753034
14,20.282529054613498
11,15.953602994691977
23,26.155177380393127
9,9.89473938984603
17,12.4519302009553
19,15.222114877454157
52,47.57387376360416
48,35.4447515749777
8,9.059211075217599
24,24.71997927218393
10,7.613930065053341
21,27.405342305382675
14,14.083896770714176
5,9.023504259543497
13,15.953602994691977
7,8.051138409337081
17,12.4519302009553
25,21.06287597949589
51,41.165815464272086
12,15.953602994691977
10,20.654424999253983
19,21.737223849514045
4,4.819843490125594
14,13.086179287413131
9,7.335805640600436
17,12.4519302009553
8,12.4519302009553
39,49.76327744281924
17,20.654424999253983
13,13.086179287413131
10,15.953602994691977
7,4.665213296905976
8,9.06245909287603
9,24.08648683531234
13,18.91550704975158
10,13.086179287413131
5,8.051138409337081
14,11.760632198697344
30,35.4447515749777
13,15.107099496851253
10,20.654424999253983
31,42.77576699694157
41,35.211898549041095
17,14.224397394153112
6,4.364101598479211
13,14.171604337410093
18,23.868517691764204
7,8.141117710268954
21,21.726057490545575
5,7.597349705220241
5,6.9507134079359805
58,56.32037411420055
2,4.114615330321852
31,30.08766083619281
9,8.15566948439239
7,14.224397394153112
10,10.887033291759248
8,7.593802859411707
10,10.625308884252496
8,6.9507134079359805
7,10.878774202996436
28,45.74855913228642
9,15.953602994691977
13,10.878774202996436
24,29.003859699016612
30,20.654424999253983
41,35.02777513118611
4,13.086179287413131
3,4.285635420288315
7,6.323071058440933
68,75.90351851851851
6,10.340506436591856
63,62.65444310062561
19,19.848549067415032
53,49.084286524563524
7,14.083896770714176
3,5.554181218288992
59,52.24473214611768
41,36.937601709556795
8,12.112370379819179
14,13.086179287413131
26,31.49980954373121
9,20.654424999253983
39,35.472972997994
5,6.9507134079359805
44,75.46227370269459
17,15.97734020880149
17,17.309383671807016
9,8.141117710268954
85,88.58727564466247
9,11.032996094496529
29,35.472972997994
5,4.285635420288315
8,6.1848532642848095
13,11.760632198697344
39,35.472972997994
11,15.10138129475909
82,76.22410862641405
4,4.665213296905976
28,44.57475800566398
10,6.9507134079359805
9,9.20610397248202
7,8.051138409337081
29,28.01164545174047
3,6.9507134079359805
30,23.336699463104704
7,8.92113983833202
14,15.222114877454157
44,36.14828793799812
12,19.59299264179822
30,35.211898549041095
36,35.472972997994
19,21.898906159384303
4,5.045624699780379
18,20.862906162464988
25,21.804091447437244
14,11.760632198697344
9,6.965204831416038
9,15.953602994691977
4,4.175771511650675
9,6.9507134079359805
6,7.432387476927782
28,31.089975183557975
5,8.141117710268954
12,11.760632198697344
31,63.1060096325961
15,14.374897660818714
9,7.297465182926972
8,10.58821469700841
34,31.892463631440933
12,11.155290466790898
3,3.486516534793027
9,6.9507134079359805
6,4.14135637643875
84,79.75545731529323
3,6.9507134079359805
11,8.141117710268954
33,20.654424999253983
13,9.06245909287603
55,41.616722679486074
54,71.49850619317515
41,45.74855913228642
15,10.778484810921327
62,49.05291770610793
6,6.9507134079359805
10,9.894771281862369
66,70.61768617855576
8,8.903684367431213
16,14.224397394153112
23,15.953602994691977
16,29.502118816605087
13,14.224397394153112
9,8.141117710268954
4,4.175771511650675
4,4.082235462443193
39,63.47946151306424
8,11.231293966299749
5,6.9507134079359805
34,30.997962480450248
38,44.445382952090384
13,8.965135469641108
9,9.855550616558562
7,15.910367551561862
9,8.15566948439239
43,45.74855913228642
11,20.654424999253983
6,6.9507134079359805
55,54.71776736921089
6,6.9507134079359805
5,6.9507134079359805
75,59.04801688810246
17,15.222114877454157
13,7.247151494875664
14,11.760632198697344
16,15.953602994691977
10,14.825718191465509
53,52.27580531856635
7,8.141117710268954
21,16.448517269705217
10,7.600484206395791
9,12.082229863616037
6,7.7014969043810195
5,3.486516534793027
23,15.222114877454157
6,5.554181218288992
8,6.9507134079359805
65,63.47946151306424
1,4.175771511650675
12,10.02071834429242
10,9.06245909287603
72,52.143132229411776
11,12.784629870634204
39,56.69382599466868
17,15.222114877454157
28,30.997962480450248
30,30.08766083619281
12,15.953602994691977
6,6.9507134079359805
23,20.030909729161092
70,81.61867871340539
20,15.910367551561862
32,31.657442900716177
9,13.185301340555592
77,26.869830886198194
23,26.24690996850061
17,20.654424999253983
16,26.048694290143818
9,9.894771281862369
45,37.579158948245194
35,35.211898549041095
67,53.52068296057756
24,30.419553740884567
13,18.081171979083216
15,11.09228299686237
21,21.06287597949589
83,74.12277958940058
43,37.72742251598697
5,6.330998963868781
7,5.317647835650184
10,9.208274660594912
65,72.50716333279561
6,7.432387476927782
4,6.1848532642848095
14,11.760632198697344
2,4.078820237665862
18,14.59953886355687
4,5.307301288699994
10,13.086179287413131
17,19.264580740962682
19,15.910367551561862
39,35.472972997994
10,14.171604337410093
5,4.175771511650675
60,52.44334568173893
8,9.06245909287603
19,15.953602994691977
6,8.141117710268954
8,15.953602994691977
22,24.162835389994676
6,8.708115146973995
26,15.910367551561862
25,32.777955707528186
4,9.06245909287603
13,18.91550704975158
19,15.953602994691977
8,8.15566948439239
31,24.03830846387341
39,15.953602994691977
30,11.138220531577648
5,8.141117710268954
10,14.224397394153112
35,62.280991220157475
16,22.518306821483332
1,4.078820237665862
4,4.288412627632065
7,11.155290466790898
7,10.218212064297484
79,67.50080408441399
10,9.116116658852246
5,6.9507134079359805
6,6.9507134079359805
19,12.4519302009553
27,27.71482113868322
49,56.69382599466868
10,15.953602994691977
19,14.224397394153112
42,31.892463631440933
13,18.449910991458548
6,7.600484206395791
24,25.077482785926822
9,11.760632198697344
3,7.594725975921305
26,27.727754313664253
6,6.9507134079359805
94,72.68250043914159
8,9.749204708841287
10,12.4519302009553
19,19.605322246869804
27,21.447239930279906
18,15.953602994691977
8,10.340506436591856
10,6.9507134079359805
8,8.141117710268954
9,7.228836655769692
9,8.141117710268954
4,4.665213296905976
43,35.705826023930605
68,62.07332890280122
28,23.576766535754693
5,4.223099281515427
12,14.665912706376275
67,74.64719772986723
30,26.215929673187343
52,45.74855913228642
20,21.804091447437244
24,21.898906159384303
53,58.46809673910186
8,11.138220531577648
19,26.869830886198194
30,25.077482785926822
34,30.330434910831947
14,14.665912706376275
16,10.58821469700841
36,31.525968027757123
68,62.07332890280122
122,91.15194007012025
6,6.965204831416038
86,77.20660349837507
19,14.991011178952286
8,7.500117597050632
6,8.141117710268954
20,15.222114877454157
14,15.953602994691977
34,30.08766083619281
26,24.682748460994976
22,16.409502853505934
7,7.199261185674229
6,8.141117710268954
3,8.141117710268954
8,6.9507134079359805
13,14.224397394153112
27,23.682473398619884
21,15.222114877454157
55,87.2681804477989
8,9.023504259543497
8,13.086179287413131
28,29.791061234968613
13,8.736369437280604
13,19.015188172386246
79,71.49850619317515
25,15.953602994691977
7,10.001650707803622
5,4.745745308207217
11,9.894771281862369
7,8.736369437280604
10,7.975266750752122
4,3.4414962570312637
6,6.9507134079359805
51,62.07332890280122
13,14.484801165716092
20,23.521477233158095
3,4.14135637643875
50,30.08766083619281
9,11.05325067833315
6,4.082235462443193
34,56.32037411420055
66,47.250014874600154
9,8.141117710268954
8,6.214498201953512
56,47.01923845680139
82,77.0675144128076
15,5.674844117913958
5,6.9507134079359805
67,57.254629365122454
54,52.66806154075222
21,26.842283469213516
36,28.03543932041161
28,25.077482785926822
30,49.742823753324004
79,17.298094431468055
12,15.953602994691977
4,6.9507134079359805
28,20.654424999253983
36,56.69382599466868
17,13.692424455318758
29,28.01164545174047
4,5.317647835650184
8,10.486469239329136
4,4.819843490125594
4,6.1848532642848095
83,61.69987702233309
19,13.692424455318758
15,15.953602994691977
10,8.447240261219731
46,35.472972997994
12,8.141117710268954
12,15.17237032264452
32,37.908727322589684
20,19.694989785086744
10,9.13480250515753
54,56.69382599466868
15,14.224397394153112
6,6.9507134079359805
17,19.264580740962682
45,35.87657706623643
6,5.085487016765773
12,16.26952975419858
15,20.030909729161092
18,14.224397394153112
19,16.248631455231042
16,17.66017496934817
9,12.4519302009553
45,35.705826023930605
15,14.224397394153112
12,14.830642562058742
8,8.15566948439239
29,24.162835389994676
22,19.264580740962682
12,9.06245909287603
5,9.313714932334623
46,53.10299966509558
8,9.141498513021377
12,15.953602994691977
19,18.91550704975158
18,26.965108726848563
24,44.029835850577044
19,17.279232846625963
6,8.15566948439239
12,10.778484810921327
25,30.08766083619281
15,24.03830846387341
6,7.600484206395791
9,8.141117710268954
7,9.456441810319856
39,30.08766083619281
59,53.52068296057756
16,19.264580740962682
7,6.9507134079359805
46,50.020020911157374
15,16.69206361590478
20,17.309383671807016
8,8.15566948439239
33,44.57475800566398
38,36.937601709556795
3,7.0528160595410565
21,35.211898549041095
46,62.61909521168517
19,21.804091447437244
8,7.391013263007383
15,19.7897686770633
47,44.66254831003925
9,7.247151494875664
21,15.953602994691977
10,8.141117710268954
18,15.707470286998012
7,7.849030954269528
8,8.141117710268954
41,36.58937607806756
14,12.231547937422194
10,10.540000776696932
10,8.141117710268954
32,15.953602994691977
40,37.72742251598697
18,14.71416603919769
23,26.542120800341173
8,10.778484810921327
23,24.667246131947003
57,63.09318188410596
25,15.910367551561862
10,7.247151494875664
51,51.763936600994256
35,32.777955707528186
21,15.953602994691977
15,12.4519302009553
9,10.158723302106683
27,35.472972997994
25,35.472972997994
7,8.051138409337081
100,95.96055627129404
42,70.10551992940823
2,4.426637737252099
7,10.486469239329136
17,25.790782151376696
14,12.4519302009553
22,23.336699463104704
55,52.04570669475478
16,12.4519302009553
65,23.336699463104704
16,14.224397394153112
7,8.805323714423572
4,3.486516534793027
7,7.247151494875664
53,53.03319416658742
85,77.51497083816078
8,7.171229386444378
13,15.848648377631582
30,15.953602994691977
6,8.777321393007071
62,49.742823753324004
15,18.081171979083216
2,5.045624699780379
50,55.938641015764084
8,12.112370379819179
7,6.9507134079359805
32,32.777955707528186
31,30.330434910831947
16,19.264580740962682
69,61.381127675636286
22,26.99724706728744
51,45.597394895990405
7,6.9507134079359805
14,16.26952975419858
9,9.171541722864763
20,14.991011178952286
5,7.613930065053341
40,35.87657706623643
13,14.224397394153112
26,20.654424999253983
5,15.953602994691977
6,6.9507134079359805
7,8.051138409337081
4,4.814495308207218
13,20.654424999253983
15,20.654424999253983
39,44.60476069066323
9,9.162169726824898
39,43.67913503871434
14,10.778484810921327
13,15.10138129475909
39,61.89925812172102
40,48.19848867504017
6,9.005999457093235
29,35.211898549041095
13,15.910367551561862
60,50.365178599321446
15,11.760632198697344
7,8.141117710268954
50,34.81280307796215
8,11.032996094496529
7,6.789413722478239
57,49.140922596821795
39,71.50951799179984
32,27.851105565991816
54,57.64391167201982
4,4.1494469677751855
11,15.953602994691977
3,13.375187602570913
61,77.2299466280417
15,12.097060713705778
12,11.155290466790898
28,35.472972997994
27,21.898906159384303
89,62.07332890280122
13,15.953602994691977
25,15.910367551561862
16,14.224397394153112
82,68.74064889462558
55,46.37301494710698
14,14.830642562058742
19,22.490759404498657
9,6.9507134079359805
62,50.94542078927903
13,15.910367551561862
42,28.01164545174047
11,5.36182447901651
40,32.9926475239506
13,11.09228299686237
13,21.804091447437244
19,26.99724706728744
28,35.4447515749777
32,36.937601709556795
10,8.051138409337081
5,4.078820237665862
11,7.0939635994645185
5,6.214498201953512
33,51.07546263197229
10,14.830642562058742
19,14.830642562058742
6,15.953602994691977
80,63.47946151306424
6,7.432387476927782
9,12.496454863750234
48,44.6710832437581
11,10.58821469700841
5,6.9507134079359805
18,14.224397394153112
4,6.9507134079359805
59,15.953602994691977
42,44.48030405463016
20,20.985288531163558
23,15.222114877454157
9,14.224397394153112
19,14.432934704184706
15,14.56135797394202
40,41.42436876242389
36,35.211898549041095
21,15.910367551561862
5,6.5923955377879935
29,33.12482255399194
15,11.64299397715326
22,20.95774111417888
15,15.953602994691977
17,23.521477233158095
12,9.523478905965016
7,5.554181218288992
37,31.58771084266333
17,12.231547937422194
19,29.502118816605087
6,4.665213296905976
15,14.224397394153112
6,7.171229386444378
5,8.15566948439239
7,8.993660408343027
36,18.91550704975158
8,9.04427271868281
15,8.525920103554888
38,55.06514376483873
7,7.369444819490257
9,15.910367551561862
5,4.14135637643875
12,8.447240261219731
57,50.542871888101374
41,35.4447515749777
8,9.894771281862369
47,34.81280307796215
23,15.910367551561862
6,10.861863124875068
70,67.70408107034987
12,11.760632198697344
79,63.47946151306424
8,8.051138409337081
70,61.11087505349177
15,21.804091447437244
27,18.53242028199432
35,33.69229027115014
108,95.96055627129404
14,11.760632198697344
75,71.49850619317515
5,7.600484206395791
8,8.141117710268954
5,8.141117710268954
8,15.953602994691977
6,5.525967955366661
18,15.222114877454157
6,7.0085624498531205
33,26.60029815487811
26,35.211898549041095
19,23.227279834439123
12,15.910367551561862
46,42.97066575022573
38,35.211898549041095
18,14.224397394153112
22,25.078775616994264
12,10.878774202996436
9,7.0939635994645185
16,20.95322773032782
19,10.627024099359371
14,9.855550616558562
22,20.654424999253983
7,5.045624699780379
10,13.762132758384126
13,12.231547937422194
10,10.382172589917923
6,4.152862192552517
8,9.894771281862369
19,20.95322773032782
60,88.57234711446556
21,16.26952975419858
7,6.9507134079359805
68,53.52068296057756
51,62.07332890280122
23,35.705826023930605
4,4.426637737252099
25,23.682473398619884
42,35.211898549041095
17,14.224397394153112
91,77.0675144128076
30,21.447239930279906
17,23.336699463104704
14,19.264580740962682
6,6.9507134079359805
2,4.019699323670305
22,21.804091447437244
11,12.24457898089874
17,14.224397394153112
16,22.741280043039595
12,11.760632198697344
7,8.39091360354623
13,21.06287597949589
6,6.9507134079359805
31,23.336699463104704
15,24.43682218067296
36,32.8535285091551
2,6.9507134079359805
12,15.953602994691977
4,6.9507134079359805
64,74.18804812628527
8,15.953602994691977
45,61.31814392389663
14,20.449510264053668
8,7.517249059489977
14,13.074563601455697
9,17.693076923076923
3,3.4276342205260972
13,8.091415629584684
62,49.140922596821795
26,15.910367551561862
9,8.141117710268954
4,8.141117710268954
10,10.226202590755888
7,8.051138409337081
15,15.910367551561862
6,6.1848532642848095
5,4.223099281515427
9,9.06245909287603
16,19.264580740962682
41,35.4447515749777
8,9.894771281862369
13,15.222114877454157
18,15.910367551561862
58,73.77001904033207
42,54.21650203887312
13,10.58821469700841
12,15.910367551561862
43,36.937601709556795
26,26.152747056398237
9,10.58821469700841
3,4.905468382676053
8,8.15566948439239
9,13.692424455318758
114,90.05359171237865
16,15.910367551561862
16,13.778098697686806
28,26.17528050945291
20,26.155177380393127
22,19.264580740962682
7,15.953602994691977
35,30.08766083619281
72,63.1060096325961
14,10.71162170858273
14,15.953602994691977
6,7.395689757102801
61,58.50661448378829
24,36.58937607806756
29,25.946843265671323
5,11.760632198697344
14,29.502118816605087
19,20.95774111417888
12,8.051138409337081
10,8.11307075808738
20,15.953602994691977
5,6.9507134079359805
10,9.894771281862369
11,8.051138409337081
63,51.94555193735084
33,30.08766083619281
5,4.529105459925445
45,72.37794234998026
11,8.141117710268954
9,11.231293966299749
32,30.997962480450248
17,31.089975183557975
13,11.032996094496529
53,77.51497083816078
19,18.91550704975158
7,8.141117710268954
13,12.871288555860882
34,30.08766083619281
8,12.4519302009553
14,9.06245909287603
4,8.779808848378575
15,20.95322773032782
7,8.141117710268954
10,8.141117710268954
9,11.09228299686237
12,12.86852113863847
25,26.842283469213516
15,15.319630865114231
7,9.843502999274646
22,21.726057490545575
11,8.92113983833202
11,20.654424999253983
9,11.09228299686237
23,22.83160968151046
27,25.652198667301967
4,5.554181218288992
13,10.887033291759248
17,15.910367551561862
9,10.218212064297484
65,52.44334568173893
15,15.953602994691977
46,71.29202608123977
3,4.175771511650675
44,37.908727322589684
12,9.701041210886501
10,20.985288531163558
74,63.1060096325961
14,15.107099496851253
18,21.898906159384303
7,15.222114877454157
47,44.57475800566398
27,34.401001891676685
31,45.67412646314197
8,8.141117710268954
7,10.402585071932897
85,72.98206826871555
5,8.617491190230087
5,7.247151494875664
11,11.28762567833315
8,8.141117710268954
15,11.09228299686237
14,11.864963371559131
12,15.910367551561862
27,38.84902986283522
18,15.953602994691977
26,45.74855913228642
34,23.336699463104704
72,71.49850619317515
3,5.674844117913958
8,11.09228299686237
17,13.50884821250744
16,16.26952975419858
12,14.56135797394202
5,10.58821469700841
37,28.701181864555746
10,11.815822199863401
16,11.09228299686237
12,14.809191749362004
38,30.410204825084385
11,9.089600218130375
9,7.335805640600436
89,81.18272141706925
11,8.942662873833092
13,15.17237032264452
31,27.727754313664253
19,16.745161352498894
24,35.211898549041095
14,20.030909729161092
8,8.051138409337081
43,20.654424999253983
66,49.742823753324004
25,20.654424999253983
22,29.791061234968613
11,11.864963371559131
73,59.52975141719044
30,30.08766083619281
45,74.21747546568525
27,32.777955707528186
54,78.85000190615231
55,47.250014874600154
4,8.141117710268954
16,19.885107385231443
17,14.171604337410093
6,6.214498201953512
74,53.065700527736375
15,15.953602994691977
17,20.654424999253983
10,9.894771281862369
63,55.70582881078693
14,22.490759404498657
9,4.905468382676053
5,4.359039357741389
51,44.59349384857968
19,16.448517269705217
13,15.910367551561862
5,7.171229386444378
24,30.08766083619281
8,7.297465182926972
26,24.854807729743694
60,57.465102474147464
28,21.06287597949589
3,10.878774202996436
88,76.2628139864722
6,6.9507134079359805
10,7.600484206395791
6,11.864963371559131
15,24.8846793235301
4,4.285635420288315
19,23.336699463104704
78,74.21747546568525
15,20.842800552453433
39,35.472972997994
13,16.9736212156884
9,15.953602994691977
8,5.29307447901651
16,15.910367551561862
6,8.141117710268954
14,9.894771281862369
32,20.654424999253983
17,18.081171979083216
45,41.616722679486074
92,81.72753508155049
11,11.760632198697344
9,11.864963371559131
4,5.180312886361417
7,8.051138409337081
9,7.600484206395791
11,8.702705730591685
9,7.600484206395791
10,13.692424455318758
5,4.359039357741389
28,25.077482785926822
54,51.19893553658038
18,15.97734020880149
2,4.2119831065480735
24,17.536883971244073
6,8.39091360354623
19,21.804091447437244
11,9.919934926982634
27,31.089975183557975
54,39.4608639372058
18,20.654424999253983
17,15.10138129475909
13,9.182901052179071
31,29.502118816605087
31,15.953602994691977
51,87.2681804477989
27,24.969222146132
18,13.993293695651241
55,42.982323218447604
10,18.081171979083216
21,17.611959695826222
19,22.980258220599683
29,28.03543932041161
8,8.141117710268954
16,21.06287597949589
3,4.175771511650675
49,35.472972997994
4,4.082235462443193
16,19.605322246869804
4,6.9507134079359805
11,20.282529054613498
60,46.37301494710698
13,17.016562987400054
6,8.92113983833202
7,13.008761714663246
47,67.50080408441399
6,4.175771511650675
27,32.777955707528186
48,43.446933445172235
8,9.773990616911613
14,13.185301340555592
20,23.336699463104704
6,6.9507134079359805
17,7.247151494875664
25,26.152747056398237
36,56.32037411420055
18,15.910367551561862
4,6.9507134079359805
4,7.155100315027139
29,23.682473398619884
53,46.90734111493392
59,54.71776736921089
22,24.669029010122433
5,6.9507134079359805
28,17.298094431468055
52,58.45309965802922
11,11.032996094496529
59,62.280991220157475
15,12.4519302009553
6,8.15566948439239
19,21.804091447437244
14,11.09228299686237
17,20.282529054613498
26,39.6937169631424
37,29.502118816605087
79,76.11318774745932
22,22.490759404498657
5,5.045624699780379
36,23.14810308969994
12,10.27381328793355
7,10.878774202996436
47,35.705826023930605
44,57.47575668333322
115,79.11648784964436
18,14.830642562058742
4,8.141117710268954
14,11.09228299686237
42,54.56220075173697
5,5.674844117913958
14,12.231547937422194
13,13.692424455318758
14,13.295235351555112
14,22.12079181547742
9,9.843502999274646
17,22.050500362282854
25,21.726057490545575
9,15.953602994691977
8,6.9507134079359805
88,72.63823484394557
11,15.910367551561862
74,63.220169439702396
23,20.95774111417888
8,8.141117710268954
17,30.22031757495305
18,15.910367551561862
22,18.991606726606726
9,5.536405189831728
8,7.856938368746439
9,7.385888824123062
57,75.13659002522357
15,9.894771281862369
30,34.344597701149425
5,15.953602994691977
12,10.625308884252496
47,37.72742251598697
6,10.878774202996436
19,15.222114877454157
80,90.95697826200654
11,15.729506433381507
15,9.894771281862369
12,16.9736212156884
4,4.090326053779629
26,27.851105565991816
16,18.18022297477337
8,20.654424999253983
4,6.9507134079359805
13,14.224397394153112
22,24.969222146132
15,22.873872773749138
30,27.055747888989902
102,113.70896415131708
13,18.081171979083216
21,20.985288531163558
10,13.993293695651241
7,9.186826012468943
48,44.57475800566398
22,25.078775616994264
9,8.807314623677202
95,71.49850619317515
24,15.953602994691977
2,4.223099281515427
17,14.205580643753034
18,25.02538200382604
20,18.650680103276823
14,7.304431303795527
15,15.953602994691977
5,8.051138409337081
7,15.910367551561862
19,18.18022297477337
93,79.29198748530317
3,15.953602994691977
6,7.600484206395791
45,36.14828793799812
22,25.06291490602539
11,14.665912706376275
13,10.778484810921327
4,15.953602994691977
27,42.07622160997949
16,21.804091447437244
8,8.94255868841196
54,44.44997666455611
4,4.223099281515427
21,18.91550704975158
14,20.95322773032782
46,39.02924012940169
19,21.447239930279906
24,15.910367551561862
11,11.09228299686237
30,29.502118816605087
4,7.247151494875664
33,38.84902986283522
14,14.224397394153112
6,8.051138409337081
12,8.141117710268954
12,12.231547937422194
14,12.4519302009553
24,35.211898549041095
43,63.47946151306424
11,8.141117710268954
14,17.536883971244073
39,26.155177380393127
58,84.05408085352073
8,8.141117710268954
45,56.11001828120359
33,56.32037411420055
15,15.953602994691977
102,89.15910238849229
37,62.72427653415964
9,8.141117710268954
58,50.02506996601841
5,6.9507134079359805
26,20.654424999253983
11,20.95322773032782
7,8.141117710268954
8,8.15566948439239
29,36.58937607806756
16,35.528351434747194
7,10.878774202996436
45,15.953602994691977
12,8.141117710268954
19,26.920349561120666
5,4.2119831065480735
18,19.264580740962682
4,4.082235462443193
6,7.466758999657115
69,49.742823753324004
14,15.953602994691977
77,74.21747546568525
19,17.298094431468055
42,36.58937607806756
21,24.669029010122433
7,8.141117710268954
20,26.869830886198194
8,8.051138409337081
26,15.953602994691977
87,68.2528185989285
83,75.31852242248765
3,6.9507134079359805
15,15.222114877454157
33,29.502118816605087
17,14.224397394153112
7,8.051138409337081
5,8.051138409337081
14,13.086179287413131
6,8.141117710268954
7,15.910367551561862
19,15.910367551561862
10,14.56135797394202
7,6.9507134079359805
33,35.211898549041095
15,14.825718191465509
31,25.565274524125282
10,13.086179287413131
5,5.525967955366661
2,4.285635420288315
37,36.58937607806756
10,10.58821469700841
4,8.15566948439239
8,14.224397394153112
74,63.975354418607004
20,19.172585910821205
15,11.760632198697344
35,31.089975183557975
5,7.272599936104063
9,15.953602994691977
9,8.969448796853225
7,6.330998963868781
24,19.264580740962682
52,83.23038674713433
4,6.9507134079359805
9,11.05325067833315
98,77.03907348773183
31,31.265600457797984
18,18.91550704975158
61,55.70582881078693
8,9.456441810319856
3,12.082229863616037
31,23.336699463104704
61,57.254629365122454
54,78.370758270386
5,7.849030954269528
15,15.707470286998012
7,8.141117710268954
50,71.47363772568085
9,10.58821469700841
15,19.264580740962682
7,15.953602994691977
12,8.362025720858131
8,11.032996094496529
32,25.396047826444853
18,18.53242028199432
3,5.536405189831728
10,7.199261185674229
21,21.804091447437244
10,14.224397394153112
75,61.31814392389663
35,61.89925812172102
29,44.35517758737609
7,8.141117710268954
8,8.141117710268954
26,37.72742251598697
8,8.94255868841196
11,23.336699463104704
27,28.03543932041161
55,43.21759557361323
20,15.222114877454157
14,15.10138129475909
11,11.760632198697344
5,5.645604178598086
14,12.68563403114234
15,22.72520287602327
13,20.654424999253983
31,31.265600457797984
102,89.41425701391744
9,8.15566948439239
9,8.051138409337081
14,15.910367551561862
8,6.789413722478239
14,18.91550704975158
74,61.69987702233309
7,8.15566948439239
20,19.694989785086744
5,7.409164952879661
62,54.530740991409935
3,4.078820237665862
34,26.151517556818312
4,6.9507134079359805
19,20.654424999253983
19,21.447239930279906
19,18.91550704975158
12,6.499155853854719
18,22.980258220599683
35,61.89925812172102
15,11.760632198697344
4,5.045624699780379
57,47.65828101136401
10,13.185301340555592
26,20.280816208285223
23,15.910367551561862
7,6.1848532642848095
59,49.76327744281924
14,15.222114877454157
55,63.47946151306424
5,6.9507134079359805
10,14.56135797394202
21,28.01164545174047
12,14.083896770714176
4,7.409164952879661
10,9.194128229729051
7,7.268952664657574
29,11.138220531577648
18,18.18022297477337
19,17.900868739104034
14,22.050500362282854
27,21.06287597949589
12,20.654424999253983
6,9.894771281862369
45,71.81374266578578
10,15.953602994691977
8,7.849030954269528
3,5.554181218288992
17,20.654424999253983
32,41.616722679486074
24,17.298094431468055
14,18.91550704975158
22,22.050500362282854
2,4.1494469677751855
81,63.47946151306424
26,24.969222146132
38,37.72742251598697
83,76.22410862641405
8,8.051138409337081
12,12.4519302009553
10,8.141117710268954
15,14.205580643753034
110,76.22410862641405
4,10.02071834429242
28,21.812814600941287
55,43.84995946953874
33,32.8535285091551
29,21.898906159384303
59,45.74855913228642
51,43.13282411529313
84,71.49850619317515
10,15.953602994691977
48,46.45369700239882
19,15.953602994691977
39,35.472972997994
32,23.270242139833822
11,8.141117710268954
18,15.953602994691977
35,41.616722679486074
8,8.141117710268954
10,11.760632198697344
37,33.12482255399194
17,24.669029010122433
7,8.511172237294769
10,9.987008802442888
13,15.10138129475909
38,29.502118816605087
9,14.083896770714176
9,11.903612633677747
15,14.224397394153112
20,18.91550704975158
23,22.72520287602327
16,11.760632198697344
10,4.665213296905976
32,44.029835850577044
5,6.214498201953512
39,60.737423173023636
58,49.47737246333596
28,32.777955707528186
32,43.39949126548563
56,57.821254566562075
73,67.01987823410026
41,15.953602994691977
10,13.086179287413131
14,13.692424455318758
31,46.4102602149627
13,17.611959695826222
31,36.14828793799812
14,12.082229863616037
8,7.247151494875664
35,28.701181864555746
35,30.410204825084385
15,25.06291490602539
13,8.94255868841196
25,23.521477233158095
20,25.706685034121204
17,19.264580740962682
26,35.472972997994
3,15.953602994691977
86,74.87106599713448
65,62.65444310062561
18,23.336699463104704
27,17.536883971244073
37,26.8438193174705
17,13.086179287413131
10,15.222114877454157
11,15.222114877454157
5,4.529105459925445
31,29.502118816605087
14,14.224397394153112
20,20.654424999253983
8,9.057444960651551
5,5.180312886361417
41,35.4447515749777
25,35.4447515749777
15,15.222114877454157
16,16.26952975419858
7,6.997381763137173
39,46.37301494710698
5,7.247151494875664
2,6.9507134079359805
33,32.777955707528186
41,62.280991220157475
15,26.542120800341173
92,81.79112974244377
10,15.953602994691977
23,15.953602994691977
21,24.03830846387341
18,15.222114877454157
16,13.550578565172966
4,6.9507134079359805
45,38.456150601695306
12,20.654424999253983
27,23.83868806082658
8,8.141117710268954
6,8.903684367431213
14,20.654424999253983
10,20.654424999253983
16,15.910367551561862
29,43.22623520099468
15,11.760632198697344
8,10.540000776696932
10,8.051138409337081
23,43.39949126548563
12,20.282529054613498
51,41.616722679486074
7,4.090326053779629
12,14.830642562058742
22,19.264580740962682
47,44.57475800566398
12,14.083896770714176
25,15.222114877454157
34,30.08766083619281
9,8.141117710268954
95,74.87106599713448
8,14.083896770714176
5,7.155100315027139
11,14.71416603919769
42,40.23114359162065
16,13.086179287413131
19,19.59299264179822
11,13.50884821250744
77,63.47946151306424
61,52.44334568173893
8,11.760632198697344
35,25.790782151376696
7,14.083896770714176
13,15.222114877454157
54,52.24473214611768
29,52.27580531856635
7,6.9507134079359805
23,35.472972997994
19,15.993936582270104
7,13.881044831422068
15,9.8570446861259
13,14.224397394153112
9,15.953602994691977
5,6.9507134079359805
5,8.15566948439239
24,30.08766083619281
9,9.194128229729051
6,10.58821469700841
52,87.2681804477989
29,18.964444694918633
65,55.938641015764084
77,70.78857763145683
60,74.58069241234043
22,15.953602994691977
48,56.69382599466868
44,35.472972997994
10,10.764738919464877
4,15.953602994691977
41,45.74855913228642
10,15.222114877454157
24,21.804091447437244
23,7.600484206395791
19,17.309383671807016
27,24.46141271373145
25,26.869830886198194
22,21.804091447437244
41,46.45369700239882
4,8.051138409337081
10,8.141117710268954
7,15.953602994691977
25,25.078775616994264
14,14.083896770714176
43,31.089975183557975
84,76.01149804661108
20,20.030909729161092
7,4.887698895471717
5,7.517249059489977
4,6.241472382052281
1,14.224397394153112
7,8.613196310577418
31,38.84902986283522
11,8.92113983833202
11,14.083896770714176
1,4.152862192552517
13,15.319630865114231
12,12.231547937422194
14,11.760632198697344
36,36.937601709556795
10,8.051138409337081
4,5.085487016765773
12,15.848648377631582
6,9.892378868176575
19,20.95322773032782
5,13.086179287413131
12,13.086179287413131
35,44.29833778372346
15,11.09228299686237
34,22.980258220599683
37,29.502118816605087
20,16.448517269705217
36,26.427431737366497
14,15.222114877454157
6,6.9507134079359805
11,10.878774202996436
89,78.50035963473911
45,36.937601709556795
12,9.06245909287603
49,35.705826023930605
5,8.051138409337081
17,29.502118816605087
6,8.141117710268954
6,6.1848532642848095
16,14.830642562058742
26,37.994611136594195
11,14.224397394153112
19,20.654424999253983
40,29.502118816605087
12,8.94255868841196
9,12.082229863616037
21,16.448517269705217
44,54.42414354678183
65,68.74064889462558
16,15.10138129475909
8,5.317647835650184
4,8.141117710268954
8,8.141117710268954
28,36.937601709556795
29,23.673071436056645
20,15.222114877454157
13,9.987008802442888
45,52.45750103944126
26,19.264580740962682
110,90.59136140827577
90,73.88696586181071
8,10.536157945370068
16,21.804091447437244
9,8.969448796853225
20,15.953602994691977
18,21.804091447437244
8,10.226202590755888
13,10.887033291759248
57,47.65828101136401
7,9.336855107714289
11,10.375692182730464
5,9.06245909287603
63,57.254629365122454
31,25.706685034121204
6,4.175771511650675
67,62.72427653415964
31,30.330434910831947
9,6.1848532642848095
14,16.335433791354845
8,11.231293966299749
11,9.208274660594912
7,6.9507134079359805
5,8.141117710268954
5,6.287519110388985
3,13.086179287413131
5,8.141117710268954
3,15.953602994691977
32,25.790782151376696
22,20.654424999253983
47,20.654424999253983
2,4.288412627632065
7,6.9507134079359805
13,26.842283469213516
4,4.14135637643875
17,17.843886407709938
6,9.894771281862369
13,10.778484810921327
7,7.508147450280281
11,10.4397115250995
36,23.682473398619884
32,25.706685034121204
6,8.141117710268954
28,30.997962480450248
39,35.211898549041095
27,25.373820722067233
36,35.211898549041095
17,19.848549067415032
46,15.953602994691977
15,14.083896770714176
20,21.898906159384303
7,6.9507134079359805
29,24.656933825949416
6,11.032996094496529
23,21.068516147110905
109,95.92272727294632
70,63.1060096325961
57,56.32037411420055
6,8.15566948439239
31,35.705826023930605
14,10.821504646587119
10,15.910367551561862
39,36.937601709556795
11,9.456441810319856
16,11.361762361705342
8,15.910367551561862
16,14.083896770714176
69,63.1060096325961
5,4.175771511650675
5,4.2119831065480735
11,9.894771281862369
34,29.502118816605087
40,34.46030741402791
15,16.448517269705217
17,21.804091447437244
5,11.760632198697344
6,11.09228299686237
1,4.529105459925445
42,44.29833778372346
14,8.051138409337081
17,20.42564405409294
61,62.12320230614241
10,15.953602994691977
8,9.023504259543497
70,57.47575668333322
18,19.694989785086744
26,24.588481525709412
20,20.654424999253983
14,15.222114877454157
9,8.051138409337081
19,18.91550704975158
6,8.141117710268954
41,29.502118816605087
9,11.64299397715326
11,15.222114877454157
13,11.760632198697344
17,15.910367551561862
44,35.4447515749777
42,20.654424999253983
56,63.975354418607004
9,9.894771281862369
88,63.1060096325961
11,14.665912706376275
50,72.55189222077823
2,15.953602994691977
61,54.1032674015528
14,15.910367551561862
19,15.0326089138625
24,19.264580740962682
5,5.180312886361417
12,12.231547937422194
14,14.083896770714176
15,12.231547937422194
8,13.692424455318758
13,11.864963371559131
11,10.540000776696932
25,23.393806340718108
6,8.888691948959655
3,9.06245909287603
14,11.09228299686237
5,4.285635420288315
19,8.15566948439239
17,14.71416603919769
25,15.953602994691977
4,4.359039357741389
12,9.456441810319856
52,46.45369700239882
58,62.07332890280122
7,18.081171979083216
16,11.09228299686237
8,8.736369437280604
49,45.74855913228642
6,7.30561858478959
35,30.22031757495305
18,11.09228299686237
16,15.222114877454157
32,28.701181864555746
13,16.539979527645
41,71.93048592462709
11,9.456441810319856
7,9.313714932334623
5,3.4276342205260972
15,14.083896770714176
63,74.12277958940058
17,25.06291490602539
17,19.264580740962682
6,7.533739347271127
8,8.141117710268954
13,10.764738919464877
16,20.95774111417888
9,8.141117710268954
18,28.03543932041161
47,47.04442554229078
49,45.74855913228642
62,22.980258220599683
15,15.953602994691977
17,20.654424999253983
4,5.414388744278335
20,20.654424999253983
16,11.760632198697344
29,43.84995946953874
22,20.985288531163558
8,8.141117710268954
7,9.194128229729051
4,4.819843490125594
27,37.908727322589684
27,28.664111849069975
23,31.892463631440933
7,14.224397394153112
10,15.910367551561862
32,39.02924012940169
4,6.9507134079359805
29,28.03543932041161
15,15.222114877454157
37,46.70981073868075
12,11.760632198697344
20,14.224397394153112
13,24.656933825949416
10,8.141117710268954
3,5.307301288699994
9,10.402585071932897
7,15.953602994691977
56,45.1215514478112
32,24.656933825949416
58,50.94542078927903
8,9.06245909287603
16,15.222114877454157
3,6.1848532642848095
11,11.864963371559131
30,31.892463631440933
52,38.84902986283522
6,13.086179287413131
9,9.06245909287603
66,61.31814392389663
8,7.247151494875664
5,7.600484206395791
5,8.141117710268954
41,43.6769041915352
7,11.760632198697344
22,20.95322773032782
11,15.910367551561862
30,25.396047826444853
5,6.9507134079359805
9,11.760632198697344
6,5.554181218288992
12,10.778484810921327
22,24.261161042398804
11,9.313714932334623
21,14.830642562058742
22,18.91550704975158
11,11.09228299686237
12,11.138220531577648
4,15.953602994691977
90,77.09971475803044
14,11.09228299686237
65,74.87106599713448
11,14.224397394153112
16,14.083896770714176
27,24.43682218067296
17,19.264580740962682
49,39.02924012940169
41,28.701181864555746
44,27.851105565991816
16,21.804091447437244
9,8.15566948439239
48,63.975354418607004
9,7.391013263007383
93,87.87574959392978
73,62.280991220157475
12,4.175771511650675
6,6.9507134079359805
21,21.804091447437244
17,22.72520287602327
59,54.1032674015528
6,9.894771281862369
17,14.224397394153112
14,20.654424999253983
4,4.1494469677751855
10,10.625308884252496
17,19.81142845318318
11,7.205553845795782
7,6.9507134079359805
11,13.50884821250744
16,13.993293695651241
63,54.1032674015528
7,8.141117710268954
13,15.953602994691977
11,11.767589117156636
14,22.72520287602327
93,77.67804295338067
14,8.942662873833092
11,10.778484810921327
25,20.654424999253983
8,5.536405189831728
8,15.953602994691977
10,7.7014969043810195
16,11.760632198697344
72,73.01634013923041
50,44.6613817476332
15,11.09228299686237
8,11.155290466790898
15,6.9507134079359805
59,54.21650203887312
13,13.330718607949212
8,10.253050491528995
31,37.72742251598697
5,6.9507134079359805
18,15.10138129475909
8,8.15566948439239
44,39.4608639372058
57,52.66806154075222
9,11.155290466790898
9,8.051138409337081
12,11.760632198697344
15,25.565274524125282
21,17.056990874002455
16,15.222114877454157
18,8.15566948439239
12,13.086179287413131
8,10.226202590755888
31,20.654424999253983
14,19.264580740962682
19,7.600484206395791
9,11.760632198697344
4,7.247151494875664
6,9.65101993515791
38,41.34352930228718
8,6.323071058440933
27,31.265600457797984
18,15.222114877454157
13,9.729864342048758
19,19.264580740962682
29,20.654424999253983
6,6.9507134079359805
18,17.315161352498894
18,16.248631455231042
6,9.06245909287603
8,8.141117710268954
15,22.980258220599683
30,38.84902986283522
10,7.594725975921305
63,53.065700527736375
10,14.991011178952286
60,80.33055359202345
45,58.009337439742
3,4.665213296905976
5,8.076722245309444
12,16.448517269705217
26,25.706685034121204
6,6.9507134079359805
26,40.56118514313691
80,77.20660349837507
79,69.93688981080328
6,7.485040963661332
21,14.224397394153112
4,6.9507134079359805
21,20.654424999253983
8,8.141117710268954
7,8.779808848378575
7,7.508147450280281
10,12.112370379819179
10,15.910367551561862
23,24.682748460994976
6,4.175771511650675
12,8.141117710268954
6,4.175771511650675
44,33.003404884531285
25,16.448517269705217
21,30.08766083619281
8,10.540000776696932
5,6.9507134079359805
24,28.701181864555746
54,75.623080511649
12,15.953602994691977
44,56.69382599466868
10,20.654424999253983
18,10.58821469700841
18,14.224397394153112
12,20.654424999253983
23,25.078775616994264
29,32.8535285091551
21,20.95774111417888
35,36.58937607806756
31,15.953602994691977
4,6.9507134079359805
28,26.18029447338292
9,9.029140458958732
12,15.10138129475909
6,5.674844117913958
2,4.905468382676053
23,16.26952975419858
3,4.175771511650675
46,46.88970185971515
9,11.231293966299749
34,25.706685034121204
19,15.910367551561862
24,23.46663791049191
24,19.59299264179822
28,23.967397413134137
16,12.082229863616037
72,63.975354418607004
9,15.10138129475909
3,3.4276342205260972
14,13.50884821250744
7,7.877918836957626
5,6.9507134079359805
28,15.953602994691977
16,15.910367551561862
9,16.26952975419858
6,5.674844117913958
12,11.231293966299749
12,15.222114877454157
18,14.809191749362004
6,8.141958640775478
57,74.98870142944436
13,11.864963371559131
23,15.222114877454157
17,13.692424455318758
37,43.53864478075862
7,6.9507134079359805
58,49.47737246333596
11,8.141117710268954
10,9.363669126710917
13,18.91550704975158
69,69.67632330231969
6,7.600484206395791
4,9.059211075217599
12,11.361762361705342
19,15.10138129475909
35,27.055747888989902
10,9.894771281862369
23,33.12482255399194
6,6.214498201953512
23,15.953602994691977
17,21.06287597949589
50,62.07332890280122
6,11.231293966299749
10,9.773990616911613
5,6.287519110388985
7,7.081881578641
15,22.78671897791287
21,16.448517269705217
78,76.56763403272623
80,20.654424999253983
8,9.89473938984603
12,14.083896770714176
18,10.878774202996436
17,18.081171979083216
12,10.358942600352297
16,15.729506433381507
13,12.112370379819179
6,4.14135637643875
5,6.9507134079359805
14,14.224397394153112
14,9.894771281862369
85,71.49850619317515
14,15.953602994691977
9,8.15566948439239
20,18.91550704975158
37,35.472972997994
12,11.09228299686237
5,7.30561858478959
15,15.222114877454157
5,4.529105459925445
18,27.055747888989902
15,22.72520287602327
8,17.298094431468055
21,24.261161042398804
11,16.819594573468468
26,15.953602994691977
35,25.297908472830102
62,72.29790890269152
23,17.016562987400054
37,35.705826023930605
7,11.760632198697344
25,19.264580740962682
8,9.65603138578933
26,25.473226833918737
66,57.33165149210488
53,82.57616015574166
21,20.654424999253983
30,44.3692502603972
9,7.432387476927782
20,30.08766083619281
19,19.264580740962682
39,27.851105565991816
31,30.08766083619281
14,15.222114877454157
12,15.97734020880149
55,43.82222589474841
7,15.953602994691977
18,22.007236242577704
39,44.3692502603972
17,25.02538200382604
5,15.953602994691977
61,54.71776736921089
10,8.141117710268954
56,78.93914786250977
18,15.222114877454157
41,39.6937169631424
14,14.083896770714176
31,22.12079181547742
20,30.410204825084385
6,5.085487016765773
9,8.894215929411224
3,8.141117710268954
22,21.804091447437244
20,24.682748460994976
72,62.72427653415964
9,9.8570446861259
4,14.224397394153112
4,4.409847369567593
9,14.224397394153112
9,8.051138409337081
69,76.3333112626038
5,5.536405189831728
43,52.9429667089956
18,25.273877832383786
36,61.69987702233309
18,21.068516147110905
84,75.623080511649
10,20.654424999253983
19,24.826020689526644
17,20.654424999253983
19,14.830642562058742
12,7.485040963661332
22,26.842283469213516
16,18.18022297477337
8,9.06245909287603
6,6.9507134079359805
9,6.214498201953512
13,11.09228299686237
35,58.665391845340935
44,35.472972997994
39,29.502118816605087
13,15.953602994691977
5,8.1369002704342
39,61.69987702233309
101,91.34305088613192
28,37.994611136594195
22,20.654424999253983
18,21.804091447437244
71,76.97147224162589
13,15.222114877454157
10,7.247151494875664
12,11.231293966299749
72,74.12277958940058
7,8.523906687445933
27,8.15566948439239
8,14.224397394153112
9,8.051138409337081
67,60.667602170398354
14,14.083896770714176
18,26.569668217325848
32,44.029835850577044
49,46.971972607101954
10,10.58821469700841
18,15.910367551561862
64,54.71130666312528
90,90.95697826200654
12,9.06245909287603
13,15.953602994691977
10,9.208274660594912
91,92.78630903149534
9,13.086179287413131
42,35.87657706623643
8,7.205553845795782
5,8.141117710268954
11,10.700231107813945
5,8.141117710268954
10,8.141117710268954
7,8.051138409337081
7,8.141117710268954
15,20.449510264053668
54,54.21650203887312
32,27.851105565991816
15,17.420010504201677
14,12.231547937422194
15,22.72520287602327
12,15.953602994691977
33,27.979821138683217
13,17.298094431468055
20,13.074563601455697
39,38.676222319092105
26,16.248631455231042
10,8.11307075808738
8,6.490054126262281
19,18.18022297477337
13,15.910367551561862
11,19.264580740962682
27,43.13282411529313
13,15.910367551561862
61,74.96901094585994
7,6.9507134079359805
14,22.72520287602327
17,15.953602994691977
10,6.9507134079359805
12,8.15566948439239
1,5.317647835650184
66,76.3333112626038
14,15.10138129475909
28,45.78790536896526
34,20.654424999253983
19,9.729864342048758
100,89.15910238849229
5,5.536405189831728
4,8.051138409337081
13,11.032996094496529
47,45.78790536896526
11,10.700231107813945
11,11.09228299686237
17,20.654424999253983
50,48.870854033214684
20,13.993293695651241
14,14.224397394153112
54,69.87314935100422
10,7.946304897864351
15,11.760632198697344
10,15.953602994691977
5,4.288412627632065
13,17.321387417076494
25,21.804091447437244
34,36.937601709556795
17,14.224397394153112
94,86.1721291129448
7,10.58821469700841
20,17.843886407709938
34,26.18029447338292
31,36.937601709556795
3,6.9507134079359805
31,44.57475800566398
5,8.051138409337081
17,15.222114877454157
4,7.849030954269528
41,26.099416774717533
81,63.975354418607004
23,21.804091447437244
29,23.673071436056645
6,15.953602994691977
39,46.45369700239882
29,29.791061234968613
45,59.9080866997283
3,5.674844117913958
24,36.58937607806756
17,20.95774111417888
23,15.908508342914823
4,4.14135637643875
39,35.705826023930605
9,7.849030954269528
7,8.777321393007071
16,15.953602994691977
14,11.760632198697344
6,8.141117710268954
16,20.654424999253983
16,14.991011178952286
22,21.812814600941287
15,20.654424999253983
6,8.925475135700726
31,36.024786162004474
43,32.9926475239506
17,14.830642562058742
5,3.4276342205260972
4,7.171229386444378
30,24.630647678894192
10,7.600484206395791
25,26.215929673187343
12,19.59299264179822
61,56.41245084851649
11,7.508588319050108
23,20.654424999253983
60,58.07964777756109
16,15.10138129475909
21,30.08766083619281
12,26.24690996850061
21,20.654424999253983
60,52.39425335285629
7,7.600484206395791
8,5.180312886361417
31,37.72742251598697
7,8.141117710268954
41,28.701181864555746
10,8.141117710268954
8,8.051138409337081
11,9.06245909287603
15,15.222114877454157
16,14.224397394153112
17,15.848648377631582
49,44.44997666455611
9,8.051138409337081
17,15.10138129475909
16,13.086179287413131
57,48.870854033214684
6,8.141117710268954
32,26.151517556818312
31,46.0214658765517
5,6.9507134079359805
13,15.222114877454157
11,7.600484206395791
56,69.71999031741335
37,30.08766083619281
21,20.654424999253983
46,45.74855913228642
14,37.72742251598697
14,14.083896770714176
12,8.141117710268954
58,52.24473214611768
37,30.08766083619281
14,20.42564405409294
5,7.297465182926972
12,8.141117710268954
4,3.3955782314511245
44,30.22031757495305
12,11.138220531577648
14,15.910367551561862
73,63.1060096325961
5,9.109248587449091
10,7.849030954269528
9,9.06245909287603
5,7.335805640600436
70,61.69987702233309
39,36.937601709556795
11,11.032996094496529
27,36.937601709556795
11,15.222114877454157
15,15.910367551561862
5,6.9507134079359805
21,17.29567343217766
13,15.910367551561862
15,10.58821469700841
40,62.72427653415964
29,15.953602994691977
7,6.1848532642848095
18,20.95774111417888
5,4.905468382676053
39,22.490759404498657
18,14.224397394153112
18,15.848648377631582
50,48.340689592543924
26,29.941236401978262
8,7.517249059489977
11,9.06245909287603
34,43.82222589474841
10,8.485417295139976
6,10.58821469700841
11,8.141117710268954
4,5.6735613374161264
30,29.502118816605087
7,8.19828529844898
18,15.910367551561862
4,6.9507134079359805
13,14.205580643753034
33,29.791061234968613
16,28.03543932041161
51,7.600484206395791
12,14.830642562058742
14,14.224397394153112
17,24.826020689526644
5,4.359039357741389
47,38.84902986283522
23,25.790782151376696
14,10.778484810921327
45,77.77538369729987
42,30.08766083619281
19,15.222114877454157
58,15.953602994691977
25,19.154523456597495
11,14.224397394153112
14,13.086179287413131
17,19.264580740962682
58,51.69250103944127
6,7.9651798331020895
21,22.83160968151046
3,4.244160784867306
10,15.910367551561862
6,11.138220531577648
6,12.082229863616037
15,15.910367551561862
16,14.224397394153112
8,8.92113983833202
12,11.09228299686237
5,8.141117710268954
86,72.98206826871555
15,15.910367551561862
9,15.953602994691977
88,63.975354418607004
17,20.654424999253983
33,11.604376150616242
43,55.70582881078693
18,15.10138129475909
8,6.9507134079359805
18,15.953602994691977
40,62.280991220157475
13,10.455578462680851
54,45.74855913228642
4,6.9507134079359805
28,23.65161800166855
32,24.826020689526644
26,23.336699463104704
5,4.359039357741389
8,10.589327336288356
14,15.222114877454157
23,20.95322773032782
6,11.032996094496529
54,81.44719190177341
13,8.051138409337081
43,35.472972997994
15,14.224397394153112
62,73.01800452581756
5,13.375187602570913
88,74.69715535709676
19,15.17237032264452
32,25.077482785926822
23,21.804091447437244
10,6.9507134079359805
15,12.4519302009553
26,41.74148489700482
11,12.112370379819179
34,35.4447515749777
36,58.29553782198991
8,8.11307075808738
70,62.72427653415964
10,6.9507134079359805
25,21.898906159384303
7,8.141117710268954
21,20.654424999253983
7,4.175771511650675
17,18.18022297477337
43,37.72742251598697
9,6.9507134079359805
23,30.08766083619281
20,14.59953886355687
8,8.141117710268954
12,9.894771281862369
22,19.264580740962682
26,25.652198667301967
12,17.309383671807016
18,21.804091447437244
13,25.396047826444853
6,7.971553681886003
13,12.231547937422194
8,6.9507134079359805
17,13.074563601455697
4,5.045624699780379
14,12.082229863616037
15,20.449510264053668
18,18.18022297477337
36,28.887545351765247
1,4.082235462443193
36,26.99724706728744
25,22.72520287602327
69,62.07332890280122
6,4.665213296905976
37,35.472972997994
30,24.03830846387341
5,8.141117710268954
4,6.9507134079359805
7,8.431758132406312
4,4.665213296905976
6,7.247151494875664
6,9.208274660594912
4,5.674844117913958
7,8.141117710268954
12,15.910367551561862
88,71.49850619317515
8,20.654424999253983
9,15.910367551561862
7,8.051138409337081
9,9.045118683918528
8,12.082229863616037
7,6.9507134079359805
57,75.86819241234043
32,26.099416774717533
39,32.9926475239506
7,15.953602994691977
6,6.9507134079359805
6,7.335805640600436
5,7.600484206395791
12,18.081171979083216
9,11.032996094496529
11,15.953602994691977
11,8.419229410699693
13,18.91550704975158
66,58.45309965802922
21,14.171604337410093
11,12.4519302009553
5,6.59099896386878
9,12.112370379819179
83,70.78857763145683
30,30.997962480450248
24,15.953602994691977
11,9.20180083921605
14,20.654424999253983
10,15.953602994691977
3,6.9507134079359805
41,70.78857763145683
19,25.078775616994264
26,31.089975183557975
24,24.630647678894192
25,32.777955707528186
25,36.937601709556795
5,7.577161862990811
84,68.00574980998502
7,7.0939635994645185
49,43.61895537924542
3,4.665213296905976
17,20.654424999253983
19,25.182155402371148
17,12.4519302009553
6,8.141117710268954
30,25.053176910665037
20,17.16982176266548
7,11.09228299686237
7,9.06245909287603
8,11.09228299686237
33,35.472972997994
13,8.15566948439239
11,8.141117710268954
23,19.264580740962682
16,14.484801165716092
7,14.083896770714176
10,9.894771281862369
3,6.9507134079359805
48,53.5550115875993
12,7.485040963661332
69,56.96963730307633
7,8.308915118714967
5,15.953602994691977
9,8.807314623677202
4,8.051138409337081
9,14.59953886355687
14,14.083896770714176
4,9.06245909287603
28,29.791061234968613
7,4.359039357741389
12,11.231293966299749
5,6.9507134079359805
12,9.894771281862369
20,20.449510264053668
14,17.298094431468055
13,11.09228299686237
14,12.4519302009553
3,4.905468382676053
2,4.082235462443193
26,21.06287597949589
79,74.76670417614466
5,5.085487016765773
10,7.4371575109437815
90,71.50951799179984
3,6.9507134079359805
18,13.993293695651241
49,41.616722679486074
21,16.448517269705217
6,5.79536462048781
21,29.502118816605087
9,7.297465182926972
5,8.051138409337081
19,19.400357142857143
7,8.051138409337081
64,62.280991220157475
19,16.448517269705217
11,6.844676376131484
6,14.224397394153112
61,52.827586686189626
14,15.222114877454157
74,69.48881309823807
8,8.141117710268954
12,16.26952975419858
18,17.843886407709938
4,14.224397394153112
30,23.682473398619884
13,15.10138129475909
52,76.07053693700217
34,45.475161132978194
43,35.472972997994
38,23.270242139833822
25,23.967397413134137
76,75.37252858096221
5,5.085487016765773
22,20.42564405409294
90,85.60373952082104
12,15.729506433381507
20,14.991011178952286
12,15.953602994691977
8,7.600484206395791
5,7.918928481977946
68,63.47946151306424
30,43.39949126548563
7,5.045624699780379
13,15.953602994691977
35,30.997962480450248
3,5.674844117913958
14,13.086179287413131
23,25.373820722067233
6,7.0939635994645185
20,19.264580740962682
40,43.446933445172235
38,35.472972997994
17,16.448517269705217
8,18.91550704975158
41,35.705826023930605
6,8.141117710268954
7,8.141117710268954
4,3.3366959171841954
60,58.67456500763434
8,9.313714932334623
10,11.760632198697344
30,50.365178599321446
9,9.089600218130375
17,14.224397394153112
12,8.995249969236887
35,32.777955707528186
10,12.112370379819179
21,19.141515151515154
5,5.085487016765773
9,7.600484206395791
17,25.273877832383786
14,6.9507134079359805
16,14.224397394153112
17,30.08766083619281
3,7.247151494875664
6,11.760632198697344
13,11.054707755144573
19,14.830642562058742
25,19.264580740962682
17,11.138220531577648
13,16.26952975419858
15,15.10138129475909
9,15.953602994691977
49,54.1738258636788
21,17.37886126082113
30,31.525968027757123
8,14.224397394153112
9,12.4519302009553
21,13.074563601455697
24,21.958662344412716
12,15.0326089138625
14,12.231547937422194
12,8.807314623677202
13,20.654424999253983
24,15.953602994691977
7,7.975266750752122
8,8.051138409337081
16,15.222114877454157
10,11.09228299686237
33,31.657442900716177
22,15.222114877454157
11,15.107099496851253
46,38.84902986283522
6,11.138220531577648
6,6.6898394272357535
36,29.502118816605087
9,6.360290213009121
23,21.068516147110905
8,6.1848532642848095
13,11.09228299686237
21,22.72520287602327
30,25.077482785926822
14,18.418951139782017
8,8.894215929411224
26,32.777955707528186
21,15.222114877454157
20,18.91550704975158
7,4.152862192552517
34,35.4447515749777
21,29.502118816605087
40,20.654424999253983
28,35.211898549041095
133,26.155177380393127
6,7.600484206395791
35,49.140922596821795
7,4.175771511650675
4,6.9507134079359805
74,76.56763403272623
8,6.9507134079359805
64,52.24473214611768
11,15.107099496851253
55,46.37301494710698
70,77.13704338890442
11,11.760632198697344
64,70.78857763145683
15,22.27865688911394
12,14.224397394153112
15,11.09228299686237
8,8.141117710268954
18,19.264580740962682
10,9.894771281862369
7,8.15566948439239
34,30.08766083619281
28,20.654424999253983
25,23.80059115720873
5,3.4276342205260972
43,26.260201577767912
12,18.91550704975158
4,3.4276342205260972
17,26.842283469213516
19,14.224397394153112
9,8.051138409337081
27,22.59112892056995
10,11.864963371559131
4,3.4276342205260972
7,6.9507134079359805
4,6.9507134079359805
9,9.313714932334623
6,9.894771281862369
7,14.083896770714176
51,77.80686938149712
17,15.10138129475909
15,11.864963371559131
14,15.910367551561862
14,14.083896770714176
4,6.9507134079359805
17,15.10138129475909
38,37.908727322589684
10,8.051138409337081
9,20.654424999253983
11,11.760632198697344
8,8.57321346060422
22,23.682473398619884
11,11.64299397715326
6,15.953602994691977
26,20.654424999253983
25,19.264580740962682
53,48.870854033214684
86,77.0675144128076
11,7.849030954269528
1,4.905468382676053
39,35.705826023930605
23,28.701181864555746
18,15.222114877454157
5,6.9507134079359805
5,4.082235462443193
5,8.19828529844898
18,19.07924297924298
60,62.72427653415964
9,14.224397394153112
2,4.14135637643875
14,11.760632198697344
15,20.030909729161092
87,81.72753508155049
20,14.224397394153112
15,10.878774202996436
5,8.613196310577418
23,26.920349561120666
33,62.72427653415964
13,14.830642562058742
4,5.580321653482852
17,19.264580740962682
12,10.540000776696932
24,21.804091447437244
80,87.13207460911177
2,8.051138409337081
16,19.59299264179822
6,6.9507134079359805
10,13.056805564470952
9,20.030909729161092
32,43.61895537924542
47,44.44997666455611
25,15.953602994691977
12,13.881044831422068
95,75.31852242248765
5,4.14135637643875
37,36.937601709556795
12,17.45776137515449
11,12.082229863616037
41,62.280991220157475
52,39.02924012940169
63,50.36478115478445
17,25.06291490602539
34,47.166093305972694
3,6.9507134079359805
22,31.089975183557975
21,26.842283469213516
12,11.138220531577648
12,9.894771281862369
10,9.045125020320317
27,35.472972997994
4,5.674844117913958
39,44.3692502603972
7,8.141117710268954
12,14.224397394153112
24,22.12079181547742
8,8.141117710268954
41,36.937601709556795
15,15.10138129475909
13,8.141117710268954
11,16.163046103387423
10,9.06245909287603
4,4.288412627632065
18,14.224397394153112
32,23.967397413134137
18,26.152747056398237
8,8.141117710268954
4,4.665213296905976
41,35.02777513118611
13,18.91550704975158
17,19.264580740962682
9,10.778484810921327
16,13.086179287413131
34,25.706685034121204
16,11.760632198697344
71,63.47946151306424
7,12.24457898089874
8,18.4444228272015
9,11.09228299686237
21,15.953602994691977
6,9.06245909287603
27,25.790782151376696
4,4.114615330321852
5,5.180312886361417
6,9.653566494993743
9,9.208274660594912
57,41.616722679486074
10,10.58821469700841
31,23.673071436056645
48,35.472972997994
7,8.141117710268954
6,9.06245909287603
24,27.851105565991816
17,6.9507134079359805
9,13.692424455318758
16,21.804091447437244
10,10.589327336288356
5,6.9507134079359805
10,15.953602994691977
5,6.9507134079359805
14,20.985288531163558
6,8.94255868841196
13,14.083896770714176
8,6.9507134079359805
7,8.051138409337081
21,15.910367551561862
5,4.14135637643875
19,18.18022297477337
9,6.9507134079359805
5,8.141117710268954
20,15.910367551561862
54,17.298094431468055
25,25.706685034121204
2,4.078820237665862
55,46.88970185971515
17,17.739812278898526
15,9.894771281862369
32,35.211898549041095
3,6.9507134079359805
28,27.609885973935945
8,8.141117710268954
14,11.760632198697344
15,20.42564405409294
12,11.864963371559131
12,15.10138129475909
27,21.068516147110905
17,15.707470286998012
19,19.264580740962682
17,13.330718607949212
3,3.4276342205260972
7,5.674844117913958
8,8.92113983833202
53,62.07332890280122
9,5.045624699780379
52,45.74855913228642
16,15.10138129475909
5,4.285635420288315
12,8.051138409337081
36,29.502118816605087
4,4.665213296905976
3,4.426637737252099
14,11.760632198697344
16,14.224397394153112
49,41.616722679486074
9,15.953602994691977
89,89.58959426089615
3,5.580321653482852
8,14.224397394153112
18,15.910367551561862
21,23.94169087232132
15,14.224397394153112
36,36.937601709556795
33,36.937601709556795
14,15.910367551561862
27,22.72520287602327
56,63.47946151306424
53,44.029835850577044
8,9.456441810319856
13,15.910367551561862
57,55.86419503456301
38,37.72742251598697
11,11.032996094496529
9,15.953602994691977
6,6.323071058440933
19,26.152747056398237
11,14.224397394153112
4,15.953602994691977
18,28.01164545174047
18,19.264580740962682
23,30.08766083619281
42,20.654424999253983
6,7.600484206395791
9,15.910367551561862
10,11.760632198697344
10,9.921789504197275
11,11.760632198697344
6,4.14135637643875
35,35.472972997994
12,13.086179287413131
15,19.264580740962682
42,40.56118514313691
10,5.674844117913958
7,7.255591431536631
6,6.9507134079359805
17,13.993293695651241
66,61.08533171891948
27,25.06291490602539
16,14.224397394153112
5,8.051138409337081
13,14.083896770714176
30,30.410204825084385
13,18.91550704975158
16,24.04169347949223
25,23.336699463104704
34,30.546276596335417
22,17.45776137515449
4,4.14135637643875
30,31.089975183557975
36,51.84709315913352
10,8.141117710268954
5,8.15566948439239
11,11.760632198697344
5,6.214498201953512
17,29.502118816605087
23,14.224397394153112
7,8.141117710268954
12,20.654424999253983
11,15.953602994691977
9,15.577113144140867
35,26.260201577767912
39,43.82222589474841
8,7.659317113949944
8,6.9507134079359805
22,20.654424999253983
44,35.705826023930605
8,8.141117710268954
37,15.953602994691977
23,21.804091447437244
47,41.616722679486074
28,31.265600457797984
63,49.742823753324004
6,11.760632198697344
6,11.760632198697344
42,36.937601709556795
9,11.760632198697344
11,10.340506436591856
55,83.23038674713433
7,6.9507134079359805
52,77.0675144128076
13,15.953602994691977
15,13.993293695651241
9,10.58821469700841
12,10.764738919464877
11,15.953602994691977
17,15.953602994691977
38,29.104156867709047
15,11.64299397715326
9,6.9507134079359805
4,6.9507134079359805
16,17.843886407709938
5,6.9507134079359805
9,16.866827632973017
30,34.81280307796215
16,17.298094431468055
14,15.953602994691977
19,15.222114877454157
7,6.1848532642848095
2,4.285635420288315
103,20.654424999253983
20,19.264580740962682
3,6.323071058440933
14,22.741280043039595
12,8.141117710268954
19,14.224397394153112
88,76.4607452923816
37,32.8535285091551
18,24.03830846387341
28,25.78912228620685
11,9.208274660594912
14,12.231547937422194
9,7.244548515232256
17,28.03543932041161
33,25.078775616994264
7,8.11307075808738
61,48.901736632685086
5,8.141117710268954
90,80.56425782967871
12,11.760632198697344
8,8.051138409337081
21,25.652198667301967
31,36.937601709556795
27,35.4447515749777
32,15.910367551561862
5,9.171541722864763
34,29.502118816605087
14,13.881044831422068
7,15.222114877454157
65,80.07727053128595
30,32.777955707528186
9,15.953602994691977
10,14.083896770714176
32,45.74855913228642
3,4.288412627632065
6,9.06245909287603
26,30.08766083619281
8,7.247151494875664
9,10.778484810921327
43,45.20621498023037
11,14.224397394153112
7,7.699144605414941
77,61.31814392389663
17,15.953602994691977
20,27.403089389956563
6,6.531828674547581
8,9.063377094496783
7,12.4519302009553
15,20.95322773032782
13,14.224397394153112
21,15.222114877454157
56,61.258573075772816
72,70.78857763145683
44,72.23005375420104
17,18.91550704975158
4,5.317647835650184
34,30.997962480450248
9,20.654424999253983
65,57.244337439742004
40,38.676222319092105
9,8.051138409337081
7,6.9507134079359805
18,15.17237032264452
2,6.9507134079359805
56,73.86402574567377
11,10.918093603497173
76,81.72753508155049
19,21.804091447437244
6,4.14135637643875
40,26.151517556818312
23,20.654424999253983
8,6.844676376131484
9,16.9736212156884
9,8.15566948439239
19,15.17237032264452
23,18.4444228272015
3,6.9507134079359805
56,49.39695579428175
12,21.726057490545575
4,9.253079406120186
9,8.141117710268954
19,10.27381328793355
3,8.563389140052292
6,7.297465182926972
20,25.892315066378682
28,24.08989292800341
29,22.72520287602327
24,22.72520287602327
44,41.616722679486074
16,15.222114877454157
5,7.247151494875664
19,21.958662344412716
21,19.264580740962682
17,13.295235351555112
5,6.287519110388985
30,35.211898549041095
12,9.045125020320317
64,48.340689592543924
21,15.910367551561862
7,6.9507134079359805
7,13.086179287413131
8,8.141117710268954
43,58.0635248777628
56,49.742823753324004
41,54.71776736921089
11,15.910367551561862
42,45.78790536896526
5,5.085487016765773
32,20.654424999253983
41,41.616722679486074
6,8.860348282867111
6,6.9507134079359805
12,7.594725975921305
9,5.613286137184843
12,8.051138409337081
5,7.593802859411707
33,28.701181864555746
8,5.674844117913958
43,36.937601709556795
6,4.819843490125594
11,15.910367551561862
8,14.224397394153112
31,56.32037411420055
8,13.086179287413131
6,8.141117710268954
4,8.805323714423572
10,9.148726335078473
15,14.083896770714176
13,15.953602994691977
10,8.141117710268954
8,9.894771281862369
8,8.141117710268954
7,7.155100315027139
36,56.32037411420055
76,61.82090922547881
13,11.760632198697344
2,4.426637737252099
12,9.894771281862369
2,6.9507134079359805
22,20.24291242031
84,79.25796977050548
4,4.529105459925445
10,11.760632198697344
10,15.953602994691977
16,23.673071436056645
5,5.045624699780379
11,8.141117710268954
17,15.953602994691977
99,83.80143605322039
25,21.804091447437244
16,21.804091447437244
10,9.06245909287603
5,7.247151494875664
9,15.953602994691977
10,15.222114877454157
19,13.086179287413131
12,14.083896770714176
10,8.141117710268954
34,25.755492892200817
7,11.760632198697344
51,45.74855913228642
30,31.089975183557975
42,68.10099348890591
13,11.09228299686237
8,14.224397394153112
15,20.030909729161092
17,8.94255868841196
9,10.58821469700841
21,15.910367551561862
22,35.211898549041095
50,45.78790536896526
13,14.224397394153112
6,8.15566948439239
2,4.819843490125594
6,11.138220531577648
7,13.086179287413131
5,7.600484206395791
5,6.9507134079359805
4,4.082235462443193
34,31.089975183557975
5,6.214498201953512
26,21.898906159384303
19,17.309383671807016
13,13.056805564470952
19,24.03830846387341
3,6.9507134079359805
15,16.26952975419858
28,26.17528050945291
82,74.99483623431334
30,30.330434910831947
43,54.9986367706464
13,11.760632198697344
21,20.654424999253983
17,22.490759404498657
39,30.08766083619281
2,4.359039357741389
35,25.02538200382604
52,41.616722679486074
6,10.218212064297484
18,15.10138129475909
2,5.317647835650184
24,18.964444694918633
18,8.15566948439239
16,29.502118816605087
22,23.967397413134137
38,47.250014874600154
27,22.12079181547742
3,10.218212064297484
82,84.47760193084443
53,46.370913978283866
68,76.64965902563318
7,7.247151494875664
19,22.72520287602327
8,8.141117710268954
14,11.09228299686237
30,15.953602994691977
13,10.58821469700841
10,7.971553681886003
18,14.224397394153112
11,9.892378868176575
11,10.321070161256705
57,62.280991220157475
58,62.65444310062561
13,15.953602994691977
20,19.264580740962682
38,39.02924012940169
10,10.4397115250995
33,30.997962480450248
12,24.08648683531234
19,21.898906159384303
15,14.224397394153112
37,30.997962480450248
4,8.362025720858131
13,14.224397394153112
8,8.736369437280604
12,15.222114877454157
36,23.336699463104704
17,14.083896770714176
5,8.141117710268954
6,4.969125501426836
36,47.70111699909707
9,9.749204708841287
91,89.15910238849229
32,26.920349561120666
59,78.99770043266386
13,6.9507134079359805
8,15.910367551561862
20,18.18022297477337
9,8.141117710268954
56,54.97614354678184
7,9.06245909287603
12,20.654424999253983
32,31.657442900716177
17,15.222114877454157
50,43.67913503871434
11,8.141117710268954
5,7.064460252694491
13,14.224397394153112
4,11.138220531577648
8,6.9507134079359805
25,31.657442900716177
75,62.65444310062561
3,4.090326053779629
18,14.830642562058742
2,6.9507134079359805
21,18.772728917559796
19,15.10138129475909
10,10.58821469700841
65,59.50860312015193
9,9.892378868176575
23,30.08766083619281
3,4.529105459925445
29,49.742823753324004
31,25.02538200382604
24,30.410204825084385
12,15.910367551561862
21,21.22927505678926
66,57.62808124559059
49,63.975354418607004
11,15.222114877454157
12,14.224397394153112
7,10.486469239329136
5,7.877918836957626
10,9.06245909287603
7,7.247151494875664
13,9.06245909287603
5,4.300131203337725
33,20.654424999253983
8,6.9507134079359805
6,8.141117710268954
10,7.918928481977946
15,15.953602994691977
20,13.993293695651241
9,12.86852113863847
5,7.247151494875664
15,19.264580740962682
77,71.41019635500535
5,6.1848532642848095
68,77.67804295338067
14,27.773946647337862
13,6.9507134079359805
11,10.486469239329136
12,16.248631455231042
24,19.694989785086744
15,13.086179287413131
26,35.211898549041095
5,4.175771511650675
8,8.141117710268954
7,11.864963371559131
3,8.141117710268954
25,30.08766083619281
8,10.58821469700841
9,9.06245909287603
22,25.078775616994264
16,21.958662344412716
4,6.958817237988244
66,62.72427653415964
7,10.878774202996436
71,61.31814392389663
17,20.654424999253983
16,19.264580740962682
19,24.71997927218393
25,32.777955707528186
14,11.864963371559131
35,55.29795596981588
18,11.138220531577648
21,20.449510264053668
18,25.078775616994264
17,8.94255868841196
65,62.12320230614241
9,13.086179287413131
31,52.24473214611768
18,15.222114877454157
9,9.06245909287603
15,17.298094431468055
16,10.58821469700841
14,9.148726335078473
37,30.08766083619281
44,36.937601709556795
31,28.664111849069975
76,78.64975945918816
10,15.953602994691977
97,83.80143605322039
53,45.67412646314197
15,15.953602994691977
5,10.546978331506299
12,20.282529054613498
93,74.18804812628527
36,21.06287597949589
7,8.15566948439239
15,18.4444228272015
4,6.965204831416038
3,6.9507134079359805
5,8.051138409337081
45,41.616722679486074
25,15.953602994691977
17,13.086179287413131
24,21.958662344412716
20,20.030909729161092
17,15.910367551561862
49,71.47363772568085
8,6.9507134079359805
4,10.045925343062217
10,8.141117710268954
23,20.654424999253983
8,15.953602994691977
78,69.93688981080328
6,6.9507134079359805
15,11.760632198697344
35,15.953602994691977
39,40.12806644573368
3,4.078820237665862
10,9.609877204423606
29,27.71482113868322
13,15.953602994691977
9,6.6898394272357535
3,3.4276342205260972
7,8.051138409337081
15,21.804091447437244
2,3.4276342205260972
18,20.449510264053668
12,15.910367551561862
17,15.17237032264452
13,20.030909729161092
11,8.141117710268954
17,13.692424455318758
33,20.654424999253983
31,15.953602994691977
2,6.9507134079359805
40,34.81280307796215
11,4.905468382676053
16,14.083896770714176
4,4.175771511650675
12,20.654424999253983
17,21.804091447437244
7,6.9507134079359805
9,15.953602994691977
9,8.141117710268954
5,8.051138409337081
9,11.138220531577648
32,30.08766083619281
73,76.58462720246492
29,20.654424999253983
8,7.247151494875664
9,11.138220531577648
7,5.180312886361417
6,7.171400758333794
12,15.910367551561862
10,8.051138409337081
26,15.910367551561862
6,8.805323714423572
19,19.264580740962682
10,17.593076923076925
14,8.92113983833202
13,14.840211391339981
12,20.654424999253983
17,25.02538200382604
9,7.600484206395791
2,6.9507134079359805
76,63.60190253813886
4,6.9507134079359805
70,55.60640936398592
19,19.264580740962682
9,12.112370379819179
16,20.654424999253983
3,6.9507134079359805
57,58.45309965802922
7,7.0085624498531205
8,6.9507134079359805
16,15.910367551561862
73,64.35779997014635
25,20.95774111417888
13,8.11307075808738
13,9.894771281862369
45,35.4447515749777
55,79.32932693868796
64,52.24473214611768
38,35.472972997994
8,6.9507134079359805
30,23.336699463104704
15,22.508408044038493
19,21.898906159384303
15,20.654424999253983
13,17.298094431468055
1,14.224397394153112
13,10.375692182730464
81,74.56903482732795
18,14.083896770714176
8,9.392872219583685
57,46.4102602149627
11,11.760632198697344
12,15.953602994691977
14,15.222114877454157
21,23.504685611358436
35,25.273877832383786
18,11.138220531577648
19,18.91550704975158
20,15.953602994691977
13,9.06245909287603
9,8.459824209624058
12,11.760632198697344
13,21.353871131359064
20,15.953602994691977
46,45.26726438749953
50,45.74855913228642
5,4.285635420288315
11,15.953602994691977
5,3.3955782314511245
5,4.082235462443193
8,9.336855107714289
7,6.323071058440933
23,18.91550704975158
16,12.4519302009553
42,36.937601709556795
3,8.736369437280604
19,15.222114877454157
43,35.4447515749777
62,62.65444310062561
21,25.652198667301967
14,10.19738222720532
8,6.9507134079359805
4,6.9507134079359805
9,6.9507134079359805
37,32.9926475239506
18,11.760632198697344
7,11.032996094496529
10,10.001650707803622
77,62.72427653415964
6,6.1848532642848095
18,14.71416603919769
43,46.37301494710698
52,43.82222589474841
17,12.4519302009553
28,15.953602994691977
14,8.141117710268954
41,70.78857763145683
14,14.224397394153112
15,14.083896770714176
11,12.4519302009553
28,30.997962480450248
68,80.07727053128595
8,12.082229863616037
4,6.5923955377879935
18,18.91550704975158
45,20.654424999253983
17,14.224397394153112
6,5.070482460286532
7,8.141117710268954
31,35.211898549041095
7,8.051138409337081
39,43.44294100445957
38,62.72427653415964
25,21.447239930279906
6,10.778484810921327
26,24.71997927218393
40,36.937601709556795
23,15.10138129475909
6,6.9507134079359805
14,14.484801165716092
8,8.94255868841196
114,95.97301966230756
13,10.58821469700841
62,63.975354418607004
17,25.706685034121204
36,36.937601709556795
16,15.910367551561862
1,4.14135637643875
82,71.50951799179984
15,12.4519302009553
9,11.09228299686237
29,25.077482785926822
58,49.90034376360623
20,17.536883971244073
4,6.9233725412014895
31,43.53864478075862
24,21.447239930279906
15,13.692424455318758
10,15.910367551561862
18,28.01164545174047
9,11.361762361705342
2,5.674844117913958
9,9.894771281862369
11,8.141117710268954
9,10.358942600352297
13,14.763561294814883
2,6.9507134079359805
8,5.045624699780379
14,24.03830846387341
6,4.175771511650675
40,29.502118816605087
36,35.472972997994
14,14.224397394153112
24,21.804091447437244
17,22.490759404498657
6,6.9507134079359805
6,6.9507134079359805
11,8.94255868841196
10,7.659317113949944
39,30.22031757495305
19,15.222114877454157
48,51.84709315913352
15,11.361762361705342
114,97.51894576034127
9,10.001065906486904
26,27.609885973935945
22,18.18022297477337
18,15.953602994691977
3,7.247151494875664
4,10.58821469700841
9,9.06245909287603
9,8.051138409337081
44,63.47946151306424
4,5.674844117913958
36,49.140922596821795
30,31.089975183557975
9,11.815822199863401
12,14.224397394153112
14,10.486469239329136
19,15.17237032264452
18,16.941105686132122
2,4.665213296905976
14,17.59341037594503
5,7.975266750752122
4,12.082229863616037
3,5.102865048360429
9,11.09228299686237
28,15.953602994691977
42,33.003404884531285
15,11.760632198697344
8,10.19738222720532
24,15.910367551561862
7,4.2119831065480735
42,39.4608639372058
13,14.224397394153112
8,8.84766768289464
46,43.53864478075862
6,6.287519110388985
5,10.58821469700841
8,14.830642562058742
40,36.58937607806756
12,14.205580643753034
17,11.451788337038575
20,14.224397394153112
62,88.57234711446556
17,16.448517269705217
42,63.60190253813886
8,8.051138409337081
9,11.760632198697344
11,8.969448796853225
8,11.760632198697344
8,8.11307075808738
27,23.57266308820229
11,7.533739347271127
12,14.241551033455988
9,20.42564405409294
17,15.953602994691977
12,10.608763611623509
25,17.611959695826222
22,24.03830846387341
10,11.760632198697344
15,15.10138129475909
53,15.953602994691977
6,6.9507134079359805
42,55.02377160323347
6,6.9507134079359805
16,14.224397394153112
12,15.910367551561862
67,55.70582881078693
10,10.321323273834537
23,19.81142845318318
22,15.953602994691977
12,14.205580643753034
46,47.70111699909707
36,42.982323218447604
4,8.141117710268954
25,25.078775616994264
52,55.02377160323347
56,52.55043889779508
11,11.760632198697344
12,5.674844117913958
5,4.285635420288315
23,22.83160968151046
43,42.77576699694157
9,8.92113983833202
12,15.953602994691977
29,29.502118816605087
36,30.08766083619281
11,8.141117710268954
9,20.654424999253983
19,13.993293695651241
20,14.830642562058742
21,20.95774111417888
6,8.780657982128263
20,16.892434079771622
30,24.03830846387341
14,18.756854839052913
17,15.910367551561862
8,6.9507134079359805
15,14.083896770714176
32,25.565274524125282
12,11.53167883576834
9,8.141117710268954
9,7.432387476927782
31,21.068516147110905
19,20.08957657531966
12,15.953602994691977
4,4.285635420288315
6,9.89473938984603
5,10.58821469700841
12,11.09228299686237
16,11.760632198697344
9,8.141117710268954
4,6.9507134079359805
72,58.40725178137244
14,13.086179287413131
23,25.539239491880174
11,13.086179287413131
59,79.32932693868796
18,14.224397394153112
32,35.705826023930605
16,20.654424999253983
1,4.529105459925445
55,78.370758270386
23,30.410204825084385
44,67.34490941484745
10,10.253050491528995
20,24.656933825949416
12,17.309383671807016
7,6.9507134079359805
8,8.141117710268954
4,5.180312886361417
57,78.62148688530092
49,45.67412646314197
67,62.07332890280122
22,20.654424999253983
8,14.224397394153112
4,3.4276342205260972
8,9.06245909287603
17,20.654424999253983
57,44.44997666455611
48,43.92939379638343
12,14.224397394153112
31,24.71997927218393
102,92.28936319408038
23,18.91550704975158
9,6.9507134079359805
24,32.57793103448275
18,21.253700687593092
9,14.224397394153112
27,33.69229027115014
11,9.045118683918528
8,9.894771281862369
35,31.892463631440933
40,48.19848867504017
43,44.3692502603972
19,21.804091447437244
32,26.17528050945291
10,10.878774202996436
19,14.224397394153112
28,35.472972997994
15,15.953602994691977
36,35.472972997994
11,9.456441810319856
22,13.375187602570913
72,63.60190253813886
26,31.892463631440933
5,4.529105459925445
2,4.175771511650675
63,56.52781669376593
12,12.4519302009553
4,8.15566948439239
8,13.692424455318758
8,15.17237032264452
11,11.864963371559131
11,8.141117710268954
15,26.17528050945291
92,80.07727053128595
14,18.081171979083216
9,9.411600787243717
23,30.08766083619281
66,58.45309965802922
8,6.9507134079359805
12,11.032996094496529
55,47.70111699909707
9,14.224397394153112
72,59.04801688810246
12,15.222114877454157
28,25.71093368329472
16,13.506846882585972
23,31.265600457797984
18,22.050500362282854
4,5.674844117913958
10,11.864963371559131
72,62.07332890280122
39,49.140922596821795
59,56.69382599466868
9,7.84268047401609
14,15.222114877454157
7,7.975266750752122
4,8.141117710268954
31,37.72742251598697
57,49.742823753324004
16,23.673071436056645
16,15.910367551561862
60,46.37301494710698
37,35.211898549041095
14,16.26952975419858
20,25.706685034121204
34,45.74855913228642
7,8.051138409337081
11,8.15566948439239
17,11.864963371559131
40,35.705826023930605
7,6.9507134079359805
10,10.764738919464877
10,6.551106054196245
51,62.65444310062561
12,15.910367551561862
14,21.726057490545575
55,42.982323218447604
6,4.823968253968253
6,8.051138409337081
17,12.396721838041598
51,66.22179598306931
13,15.910367551561862
15,15.953602994691977
36,62.280991220157475
4,8.051138409337081
73,74.69715535709676
60,78.85000190615231
12,8.141117710268954
15,13.086179287413131
6,8.141117710268954
8,8.11307075808738
16,19.243023574240006
32,36.937601709556795
20,27.83096007659278
31,33.12482255399194
8,6.9507134079359805
4,6.9507134079359805
26,26.151517556818312
66,15.953602994691977
42,26.099416774717533
113,90.28807064246054
9,8.141117710268954
40,32.9926475239506
41,35.211898549041095
45,26.215929673187343
38,35.211898549041095
26,32.8535285091551
13,14.71416603919769
40,52.44334568173893
36,50.44701882970344
12,7.849030954269528
15,11.231293966299749
32,35.211898549041095
10,9.199544044281264
54,63.47946151306424
45,70.78857763145683
98,62.07332890280122
2,3.532434560373166
7,8.736369437280604
4,7.247151494875664
10,6.9507134079359805
13,20.654424999253983
11,15.953602994691977
56,19.605322246869804
13,14.205580643753034
17,15.953602994691977
34,44.29833778372346
14,8.613196310577418
20,20.654424999253983
30,30.08766083619281
16,13.086179287413131
15,12.112370379819179
8,8.141117710268954
5,6.9507134079359805
8,7.432387476927782
17,17.016562987400054
3,6.9507134079359805
18,22.490759404498657
29,28.664111849069975
24,22.12079181547742
17,15.953602994691977
7,7.485040963661332
34,27.851105565991816
34,32.777955707528186
44,60.936412228481814
20,25.706685034121204
20,20.449510264053668
16,21.06287597949589
26,26.60029815487811
12,11.05325067833315
14,15.910367551561862
13,14.083896770714176
12,9.148726335078473
30,21.804091447437244
13,14.830642562058742
17,30.08766083619281
13,8.362025720858131
10,13.086179287413131
12,11.231293966299749
18,19.264580740962682
10,20.42564405409294
6,8.516372267842549
17,21.958662344412716
70,57.85792488719786
9,10.321070161256705
48,41.616722679486074
11,15.953602994691977
18,15.222114877454157
10,6.9507134079359805
9,9.023504259543497
11,9.262130005160236
12,7.600484206395791
4,6.9507134079359805
14,13.086179287413131
10,14.083896770714176
11,8.141117710268954
9,8.141117710268954
22,26.24690996850061
42,28.701181864555746
19,15.222114877454157
14,20.654424999253983
34,25.02538200382604
19,18.343347558384295
2,6.9507134079359805
9,8.141117710268954
30,24.826020689526644
13,15.707470286998012
13,18.081171979083216
48,35.705826023930605
20,25.790782151376696
18,13.086179287413131
92,73.77001904033207
12,14.224397394153112
46,42.36603542909055
23,16.448517269705217
9,9.089600218130375
21,21.958662344412716
10,11.760632198697344
8,8.051138409337081
45,39.02924012940169
7,10.073049345371176
10,14.224397394153112
4,3.4276342205260972
8,15.910367551561862
5,7.849030954269528
28,37.994611136594195
24,15.953602994691977
9,9.06245909287603
8,9.894771281862369
14,11.09228299686237
3,4.300131203337725
5,4.910580035011556
7,6.9507134079359805
54,62.65444310062561
12,9.06245909287603
6,9.208274660594912
8,6.9507134079359805
18,17.016562987400054
21,20.794226654288444
6,7.849030954269528
10,9.06245909287603
13,18.91550704975158
50,41.616722679486074
9,8.141117710268954
15,22.72520287602327
20,18.769384504384504
11,8.051138409337081
10,15.953602994691977
29,25.790782151376696
68,63.47946151306424
23,20.42564405409294
13,15.10138129475909
26,25.503116557524997
6,7.634887015219337
24,29.791061234968613
46,62.07332890280122
16,13.97787903084981
97,92.28936319408038
6,15.953602994691977
22,24.46141271373145
9,9.208397801112463
17,15.10138129475909
10,8.141117710268954
12,10.58821469700841
12,11.815822199863401
19,30.08766083619281
12,26.24690996850061
13,11.09228299686237
3,4.665213296905976
9,8.051138409337081
5,4.175771511650675
20,25.078775616994264
6,4.14135637643875
13,20.282529054613498
9,7.432387476927782
11,9.392872219583685
10,8.94255868841196
51,41.616722679486074
7,4.2119831065480735
19,15.222114877454157
10,14.224397394153112
24,17.96512235205367
18,21.804091447437244
12,21.958662344412716
31,46.70981073868075
17,20.654424999253983
8,6.9507134079359805
9,20.282529054613498
7,15.953602994691977
27,37.72742251598697
3,3.4276342205260972
49,20.654424999253983
17,15.222114877454157
14,13.993293695651241
6,20.654424999253983
10,15.910367551561862
70,63.1060096325961
21,15.953602994691977
17,14.224397394153112
60,45.90196293650572
6,4.288412627632065
23,25.273877832383786
65,59.120556234428534
7,5.554181218288992
39,37.72742251598697
5,8.141117710268954
2,6.9507134079359805
35,27.609885973935945
9,8.141117710268954
76,63.975354418607004
10,20.282529054613498
32,36.937601709556795
9,6.9507134079359805
13,15.910367551561862
69,46.606141267269315
35,29.502118816605087
7,5.439119470518176
13,11.116312169025713
14,20.654424999253983
8,8.551220643682694
5,6.9507134079359805
13,22.490759404498657
15,11.09228299686237
18,13.086179287413131
3,15.953602994691977
8,14.224397394153112
23,32.8535285091551
26,20.794226654288444
87,73.10712790604137
29,30.22031757495305
4,11.138220531577648
6,8.051138409337081
8,11.815822199863401
6,8.141117710268954
35,51.763936600994256
9,11.231293966299749
16,17.300970665137474
23,24.588481525709412
7,6.9507134079359805
6,8.141117710268954
33,23.682473398619884
90,80.21361122735149
5,10.58821469700841
20,15.222114877454157
6,4.152862192552517
12,12.231547937422194
16,18.18022297477337
35,20.654424999253983
77,76.64965902563318
6,8.051138409337081
48,73.77001904033207
8,7.600484206395791
5,13.008761714663246
44,35.211898549041095
53,46.45369700239882
22,24.70450795182669
8,10.218212064297484
8,7.155100315027139
9,8.141117710268954
24,16.542660923705547
11,13.086179287413131
15,20.654424999253983
22,31.265600457797984
15,15.031309597387601
34,30.08766083619281
7,17.69978361744308
26,36.937601709556795
12,15.953602994691977
17,15.953602994691977
10,9.208274660594912
13,20.282529054613498
22,16.26952975419858
21,15.222114877454157
74,76.85548683530155
25,13.375187602570913
5,5.674844117913958
7,8.141958640775478
14,14.224397394153112
10,9.391666210886502
21,20.449510264053668
12,15.222114877454157
6,6.230399673469513
13,8.92113983833202
14,11.864963371559131
66,57.62808124559059
8,11.09228299686237
3,4.175771511650675
8,8.15566948439239
10,11.231293966299749
12,8.15566948439239
13,8.051138409337081
10,18.081171979083216
40,54.71776736921089
18,15.10138129475909
44,35.4447515749777
12,11.760632198697344
6,7.56470873507927
9,8.808007812433917
17,19.264580740962682
23,15.953602994691977
11,13.375187602570913
35,30.997962480450248
3,7.205553845795782
10,8.57321346060422
11,7.849030954269528
16,12.231547937422194
10,9.894771281862369
24,26.8438193174705
6,7.833713941616347
18,16.448517269705217
49,78.86149480841098
14,9.06245909287603
57,46.370913978283866
23,21.804091447437244
10,8.993660408343027
15,12.082229863616037
31,30.410204825084385
12,14.830642562058742
10,11.760632198697344
10,7.272599936104063
58,71.65096914583589
3,3.532434560373166
58,83.19892558023513
38,25.706685034121204
57,63.47946151306424
17,13.103034587606913
34,45.74855913228642
9,11.760632198697344
50,48.43964757312797
6,7.081881578641
13,15.222114877454157
6,6.9507134079359805
38,28.01164545174047
12,20.654424999253983
10,22.72520287602327
31,29.941236401978262
14,19.59299264179822
9,8.141117710268954
32,45.78790536896526
7,7.084822232692768
30,13.974143692564747
18,30.22031757495305
50,44.44997666455611
21,14.224397394153112
2,8.141117710268954
54,47.402805707271625
30,26.048694290143818
49,44.029835850577044
20,28.01164545174047
10,12.122068046610213
17,15.910367551561862
11,6.9507134079359805
34,27.71482113868322
21,19.264580740962682
8,15.222114877454157
35,35.211898549041095
47,74.21747546568525
19,14.224397394153112
17,11.760632198697344
29,15.953602994691977
8,6.958817237988244
52,39.02924012940169
50,49.140922596821795
83,90.95697826200654
32,23.521477233158095
14,15.910367551561862
9,14.224397394153112
15,17.48545747312327
13,15.97734020880149
3,5.085487016765773
33,27.187487705539603
9,8.051138409337081
15,15.222114877454157
25,23.673071436056645
8,15.10138129475909
93,77.20660349837507
28,25.02538200382604
13,11.760632198697344
4,6.9507134079359805
9,12.082229863616037
8,13.086179287413131
51,63.47946151306424
18,13.692424455318758
20,26.151517556818312
21,17.536883971244073
4,6.9507134079359805
4,6.330998963868781
3,4.905468382676053
14,11.760632198697344
35,45.74855913228642
35,36.024786162004474
20,15.222114877454157
30,26.152747056398237
20,14.083896770714176
34,26.932138842187822
17,13.993293695651241
28,23.336699463104704
11,8.141117710268954
38,29.502118816605087
22,18.91550704975158
13,15.10138129475909
26,24.519527860650047
6,10.486469239329136
11,8.141117710268954
8,14.224397394153112
94,76.56763403272623
5,4.905468382676053
6,4.905468382676053
35,31.49980954373121
11,8.186204984650184
21,15.222114877454157
11,8.141117710268954
37,50.06841596022681
6,4.2119831065480735
17,12.112370379819179
10,9.990681436429735
19,16.892434079771622
4,4.665213296905976
7,6.9507134079359805
10,8.141117710268954
7,9.336855107714289
23,15.222114877454157
35,45.67412646314197
93,85.7977172171571
5,6.9507134079359805
17,31.49980954373121
2,5.954693400342576
42,32.777955707528186
62,56.69382599466868
7,9.894771281862369
8,11.09228299686237
2,6.9507134079359805
20,20.42564405409294
41,35.211898549041095
33,30.997962480450248
97,74.67154517978823
20,14.224397394153112
65,71.49850619317515
10,17.611959695826222
10,8.00415463344022
58,52.44334568173893
8,6.9507134079359805
97,95.96055627129404
24,30.08766083619281
3,5.317647835650184
8,14.830642562058742
85,78.52206493726491
21,17.45776137515449
10,8.141117710268954
8,9.395512323712829
26,20.42564405409294
6,9.65101993515791
31,24.03830846387341
7,6.9507134079359805
16,6.9507134079359805
32,41.165815464272086
2,4.529105459925445
15,15.953602994691977
29,30.997962480450248
6,4.288412627632065
79,57.64391167201982
13,10.375692182730464
52,52.83458063096616
1,4.14135637643875
14,20.654424999253983
5,8.141117710268954
3,6.9507134079359805
22,15.953602994691977
38,28.01164545174047
2,4.082235462443193
23,21.958662344412716
10,8.161936785671042
8,5.674844117913958
17,19.885107385231443
67,56.96368539998664
5,8.051138409337081
36,24.356008160082165
28,34.46030741402791
7,11.864963371559131
17,16.36205111208622
13,7.600484206395791
10,6.287519110388985
6,6.214498201953512
14,20.654424999253983
12,11.231293966299749
7,4.665213296905976
22,20.654424999253983
11,15.910367551561862
80,74.87106599713448
9,8.92113983833202
17,14.830642562058742
63,64.6069548828954
86,83.24093526417776
10,6.9507134079359805
9,8.141117710268954
22,15.222114877454157
10,9.06245909287603
10,8.051138409337081
31,36.14828793799812
4,8.752051785585715
59,46.37301494710698
21,30.22031757495305
12,15.222114877454157
77,75.31852242248765
23,15.222114877454157
6,9.894771281862369
19,20.030909729161092
12,15.953602994691977
21,12.082229863616037
16,15.953602994691977
68,62.65444310062561
28,25.02538200382604
9,8.051138409337081
12,11.231293966299749
5,9.313714932334623
9,15.953602994691977
19,14.171604337410093
19,29.502118816605087
7,6.9507134079359805
6,6.551106054196245
39,32.8535285091551
11,15.953602994691977
9,8.076722245309444
12,30.22031757495305
8,8.141117710268954
7,15.953602994691977
6,6.9507134079359805
17,15.953602994691977
12,15.10138129475909
9,13.466884635832002
5,8.051138409337081
4,5.317647835650184
3,3.4276342205260972
22,26.215929673187343
48,61.120544263332455
50,47.90990478561356
10,12.563093042567916
12,14.224397394153112
28,24.8846793235301
30,29.502118816605087
13,15.910367551561862
8,6.9507134079359805
42,42.97066575022573
15,15.10138129475909
23,24.630647678894192
31,52.44334568173893
4,6.9507134079359805
45,20.654424999253983
2,4.910580035011556
10,22.490759404498657
32,35.4447515749777
7,6.9507134079359805
16,12.871288555860882
10,9.148726335078473
20,19.264580740962682
11,9.313714932334623
28,27.609885973935945
12,9.262130005160236
38,35.472972997994
41,44.029835850577044
40,39.4608639372058
9,9.262709264179545
6,8.141117710268954
9,9.894771281862369
9,8.051138409337081
16,19.264580740962682
3,4.814495308207218
9,6.241472382052281
10,8.141117710268954
6,8.141117710268954
6,7.9651798331020895
7,13.881044831422068
10,11.864963371559131
28,30.08766083619281
9,7.485040963661332
7,6.330998963868781
3,5.674844117913958
13,14.224397394153112
10,10.945523357981454
5,11.760632198697344
46,42.97066575022573
9,9.324191116184725
20,27.83096007659278
52,41.616722679486074
46,45.74855913228642
13,19.264580740962682
6,7.205553845795782
16,14.224397394153112
13,8.94255868841196
101,73.12995686449477
21,20.449510264053668
12,20.654424999253983
10,15.953602994691977
12,15.953602994691977
21,20.654424999253983
12,14.224397394153112
14,11.09228299686237
35,29.502118816605087
19,15.222114877454157
9,14.224397394153112
61,87.2681804477989
18,15.10138129475909
22,16.1277588224092
40,32.8535285091551
13,6.9507134079359805
8,9.894771281862369
7,9.313714932334623
54,48.72342798961729
14,16.448517269705217
40,62.72427653415964
42,49.084286524563524
5,14.224397394153112
6,6.9507134079359805
10,8.798842091487817
10,9.262130005160236
58,52.44334568173893
10,8.15566948439239
21,25.06291490602539
18,15.953602994691977
8,7.335805640600436
12,10.58821469700841
14,15.10138129475909
22,19.264580740962682
13,11.361762361705342
15,11.909569837101678
10,11.760632198697344
8,20.654424999253983
12,20.654424999253983
55,48.40577466813532
10,20.654424999253983
3,4.529105459925445
8,14.224397394153112
7,7.924821672353055
9,9.868509023729377
18,13.086179287413131
7,6.9507134079359805
6,4.823968253968253
14,15.17237032264452
6,4.14135637643875
12,17.309383671807016
23,31.089975183557975
10,7.184988707979043
15,20.654424999253983
3,11.138220531577648
8,5.5029289943277
7,8.051138409337081
8,7.247151494875664
66,58.28459671796802
22,22.72520287602327
26,25.077482785926822
19,20.654424999253983
11,15.953602994691977
14,19.264580740962682
12,10.340506436591856
6,14.171604337410093
51,47.43566049151801
8,11.760632198697344
64,46.370913978283866
46,74.21747546568525
43,35.211898549041095
12,6.9507134079359805
62,70.3021464315714
21,20.95322773032782
27,21.804091447437244
3,6.9507134079359805
7,8.94255868841196
48,67.88387508391835
37,23.682473398619884
12,20.654424999253983
4,3.4276342205260972
66,63.1060096325961
38,26.18029447338292
19,14.830642562058742
77,81.79112974244377
5,3.486516534793027
11,14.224397394153112
5,11.09228299686237
19,19.264580740962682
37,28.701181864555746
13,15.222114877454157
23,23.65161800166855
16,23.336699463104704
39,32.777955707528186
4,6.9507134079359805
15,18.081171979083216
7,16.9736212156884
10,11.032996094496529
51,52.91649036451455
136,97.51894576034127
8,6.9507134079359805
23,25.06291490602539
54,63.47946151306424
19,21.804091447437244
41,36.937601709556795
10,8.141117710268954
9,8.943790391891213
25,20.95774111417888
16,11.760632198697344
22,21.726057490545575
8,10.119454157751866
19,15.953602994691977
8,6.9507134079359805
15,14.083896770714176
16,15.222114877454157
16,17.843886407709938
14,15.953602994691977
8,10.778484810921327
17,15.953602994691977
13,15.953602994691977
2,5.180312886361417
23,23.46663791049191
5,4.225876488859177
14,15.222114877454157
28,15.953602994691977
5,11.09228299686237
3,4.529105459925445
14,15.910367551561862
4,8.051138409337081
16,14.830642562058742
5,6.323071058440933
6,8.051138409337081
12,23.020295419205212
15,15.222114877454157
7,4.905468382676053
27,30.997962480450248
7,8.141958640775478
9,14.083896770714176
65,56.32037411420055
73,61.298183893703786
10,8.141117710268954
56,46.70981073868075
8,7.272599936104063
5,10.218212064297484
18,17.309383671807016
11,15.953602994691977
14,15.17237032264452
55,63.47946151306424
8,13.056805564470952
14,13.692424455318758
23,44.029835850577044
12,8.141117710268954
8,14.991011178952286
41,56.69382599466868
24,31.089975183557975
7,6.287519110388985
7,11.760632198697344
9,15.953602994691977
3,7.600484206395791
20,20.654424999253983
55,56.32037411420055
17,15.848648377631582
3,6.9507134079359805
22,20.42564405409294
28,35.472972997994
7,8.051138409337081
6,6.287519110388985
8,8.141117710268954
69,52.66806154075222
14,15.10138129475909
10,15.222114877454157
58,47.38644726023378
17,16.248631455231042
10,12.112370379819179
20,20.654424999253983
12,15.10138129475909
9,8.447240261219731
27,34.401001891676685
6,8.051138409337081
24,20.654424999253983
31,37.72742251598697
6,7.0528160595410565
10,15.910367551561862
2,4.823968253968253
20,20.654424999253983
3,7.30561858478959
17,15.222114877454157
37,30.08766083619281
17,20.654424999253983
8,6.9507134079359805
15,14.224397394153112
27,41.05143229133868
9,7.432387476927782
7,9.045125020320317
13,15.953602994691977
12,10.878774202996436
89,70.78857763145683
23,7.600484206395791
16,14.830642562058742
18,15.740459462104397
11,8.051138409337081
34,25.565274524125282
7,8.141117710268954
18,27.609885973935945
53,44.50957227995222
4,5.102865048360429
64,57.511416769654694
27,31.657442900716177
18,23.44396359959405
19,13.881044831422068
2,3.486516534793027
32,35.211898549041095
14,15.222114877454157
14,14.083896770714176
5,6.965204831416038
43,61.298183893703786
37,58.52390070695893
15,22.490759404498657
7,8.459824209624058
19,14.224397394153112
13,9.045125020320317
54,64.81262750550177
16,24.07221420487777
8,7.517249059489977
1,3.4276342205260972
20,21.726057490545575
7,14.991011178952286
26,27.851105565991816
26,24.821540595710424
52,35.705826023930605
4,8.051138409337081
8,9.06245909287603
23,15.222114877454157
10,11.760632198697344
4,4.019699323670305
66,79.11648784964436
3,5.847013897664222
8,9.456441810319856
41,26.920349561120666
13,15.953602994691977
76,62.07332890280122
11,10.687131816696288
27,27.04969653281371
15,19.264580740962682
20,10.001065906486904
25,26.152747056398237
8,9.023504259543497
27,45.78790536896526
15,15.953602994691977
7,12.4519302009553
66,53.52068296057756
9,15.910367551561862
12,9.894771281862369
6,8.141117710268954
20,29.502118816605087
8,6.9507134079359805
19,13.086179287413131
7,11.032996094496529
57,56.69382599466868
45,35.4447515749777
13,8.362025720858131
8,9.023504259543497
13,15.910367551561862
15,15.953602994691977
13,11.760632198697344
12,15.953602994691977
14,14.083896770714176
14,11.231293966299749
17,25.790782151376696
20,21.726057490545575
2,8.141117710268954
8,8.636885285810742
15,13.086179287413131
4,4.14135637643875
7,8.141117710268954
9,13.086179287413131
24,26.842283469213516
5,6.9507134079359805
19,24.969222146132
32,25.02538200382604
24,24.969222146132
15,21.804091447437244
46,42.77576699694157
20,35.211898549041095
16,15.953602994691977
14,11.155290466790898
9,8.141117710268954
77,74.79659755431626
11,12.784629870634204
32,30.22031757495305
60,54.1032674015528
45,37.908727322589684
27,44.29833778372346
25,24.71997927218393
9,15.222114877454157
10,13.086179287413131
30,30.08766083619281
8,6.9507134079359805
6,8.141117710268954
48,39.4608639372058
16,14.083896770714176
12,11.09228299686237
10,11.231293966299749
75,63.47946151306424
15,9.148726335078473
14,15.910367551561862
26,31.657442900716177
4,3.486516534793027
25,27.403089389956563
34,35.211898549041095
23,18.18022297477337
6,9.208274660594912
27,26.920349561120666
15,11.760632198697344
23,21.804091447437244
11,6.9507134079359805
6,7.600484206395791
48,44.029835850577044
7,7.517249059489977
15,20.654424999253983
9,8.178084346130547
7,10.58821469700841
56,71.99634612475366
20,14.71416603919769
19,24.162835389994676
11,10.340506436591856
11,19.885107385231443
16,20.654424999253983
59,76.51196831678303
5,6.9507134079359805
18,14.830642562058742
84,79.65888339176794
3,7.4371575109437815
12,11.760632198697344
18,15.10138129475909
63,53.52068296057756
14,20.654424999253983
18,15.953602994691977
65,46.4102602149627
3,8.459824209624058
17,20.95322773032782
21,22.83160968151046
21,25.256030673731793
18,20.654424999253983
6,5.674844117913958
8,8.141117710268954
43,39.4608639372058
3,7.600484206395791
26,15.222114877454157
22,22.72520287602327
11,11.231293966299749
4,7.391013263007383
19,15.222114877454157
3,6.9507134079359805
7,8.447240261219731
26,21.898906159384303
45,46.37301494710698
28,43.39949126548563
87,83.8829762154989
41,35.4447515749777
41,38.456150601695306
8,9.06245909287603
11,10.560477018796039
4,6.9507134079359805
43,44.3692502603972
24,24.630647678894192
22,21.804091447437244
9,8.141117710268954
10,7.849030954269528
14,20.654424999253983
7,7.813586735974712
50,45.78790536896526
20,15.910367551561862
74,68.83964853877282
133,97.51894576034127
55,87.2681804477989
15,13.881044831422068
7,13.086179287413131
71,58.036074822617124
7,11.155290466790898
6,11.032996094496529
12,11.883642078535175
41,44.168361682428745
9,7.485040963661332
10,8.141117710268954
5,4.905468382676053
15,19.264580740962682
6,10.58821469700841
12,20.654424999253983
13,21.447239930279906
11,9.06245909287603
20,20.95322773032782
23,15.953602994691977
16,18.081171979083216
27,26.18029447338292
43,39.98407495687972
23,20.654424999253983
11,11.760632198697344
2,4.090326053779629
11,14.083896770714176
24,21.068516147110905
16,15.222114877454157
18,17.309383671807016
37,55.938641015764084
16,21.447239930279906
8,20.654424999253983
67,83.00248625580194
27,36.937601709556795
10,10.540000776696932
9,8.141117710268954
4,6.1848532642848095
16,19.264580740962682
84,75.31872855781114
30,23.510068101476115
19,21.804091447437244
8,6.9507134079359805
9,10.687131816696288
10,12.231547937422194
52,45.74855913228642
14,9.577566604981815
27,21.804091447437244
9,8.051138409337081
22,15.953602994691977
7,9.747442618869867
6,6.9507134079359805
49,70.78857763145683
6,8.141117710268954
17,11.231293966299749
18,11.138220531577648
13,14.224397394153112
13,8.141117710268954
14,28.03543932041161
30,19.264580740962682
5,11.760632198697344
25,32.777955707528186
41,30.22031757495305
12,21.726057490545575
8,5.317647835650184
9,9.06245909287603
11,9.894771281862369
10,8.051138409337081
31,15.910367551561862
21,18.418951139782017
8,7.761791369057137
11,11.09228299686237
22,26.869830886198194
57,56.5806539824726
82,71.49850619317515
26,36.937601709556795
36,30.08766083619281
12,15.222114877454157
11,14.56135797394202
22,30.08766083619281
11,18.081171979083216
9,8.051138409337081
32,33.69229027115014
6,8.051138409337081
5,4.14135637643875
9,10.58821469700841
53,35.4447515749777
3,6.9507134079359805
5,3.4276342205260972
21,16.26952975419858
16,10.486469239329136
5,6.9507134079359805
18,15.848648377631582
8,8.141117710268954
29,31.657442900716177
10,7.485040963661332
14,9.894771281862369
19,21.804091447437244
33,36.58937607806756
16,21.898906159384303
98,79.25796977050548
29,23.336699463104704
30,35.4447515749777
15,15.910367551561862
21,27.055747888989902
49,43.446933445172235
65,80.07727053128595
29,31.657442900716177
28,24.71997927218393
20,26.920349561120666
20,19.264580740962682
7,7.432387476927782
17,18.91550704975158
17,15.910367551561862
11,15.910367551561862
14,13.086179287413131
6,3.4276342205260972
22,19.264580740962682
8,17.298094431468055
15,19.264580740962682
19,25.706685034121204
17,20.654424999253983
27,24.71997927218393
24,35.705826023930605
12,14.224397394153112
14,25.078775616994264
21,30.22031757495305
5,7.335805640600436
20,15.953602994691977
27,23.967397413134137
17,14.48849025974026
13,12.082229863616037
25,31.657442900716177
11,7.600484206395791
12,20.95774111417888
36,28.03543932041161
62,61.89925812172102
10,4.175771511650675
5,4.14135637643875
14,22.518306821483332
7,13.086179287413131
70,75.66115428194742
36,26.18029447338292
12,21.726057490545575
8,9.06245909287603
18,18.91550704975158
9,8.523906687445933
8,10.58821469700841
10,7.600484206395791
53,63.47946151306424
55,47.65828101136401
12,6.9507134079359805
15,14.224397394153112
8,7.432387476927782
24,15.910367551561862
10,8.141117710268954
29,48.47632000631107
8,11.231293966299749
39,63.1060096325961
8,12.86852113863847
76,58.13297943451702
44,35.705826023930605
33,30.22031757495305
28,25.02538200382604
10,13.503829149766679
9,10.608763611623509
16,20.95774111417888
35,52.44334568173893
15,22.518306821483332
13,11.451788337038575
7,7.600484206395791
33,30.08766083619281
3,6.9507134079359805
8,13.086179287413131
31,36.024786162004474
63,63.1060096325961
16,20.95774111417888
8,4.900375501426836
121,20.654424999253983
47,49.742823753324004
15,15.910367551561862
8,7.171229386444378
28,25.02538200382604
54,47.90990478561356
51,52.24473214611768
37,41.616722679486074
45,32.8535285091551
10,12.02995323685431
38,35.211898549041095
13,6.9507134079359805
4,15.953602994691977
12,10.486469239329136
28,35.472972997994
32,30.410204825084385
51,71.01199968018705
26,19.264580740962682
35,30.08766083619281
16,21.06287597949589
23,15.953602994691977
11,8.94255868841196
8,6.9507134079359805
28,19.59299264179822
22,25.078775616994264
7,5.657786137184842
61,58.45309965802922
8,6.499155853854719
64,22.518306821483332
12,7.600484206395791
20,14.224397394153112
7,9.850539165927142
20,14.224397394153112
25,22.72520287602327
14,19.74502696332954
7,7.687852946299738
17,14.083896770714176
9,13.355807109557109
5,4.019699323670305
36,41.165815464272086
8,8.94255868841196
14,11.760632198697344
7,10.321070161256705
5,5.536405189831728
8,8.141117710268954
32,36.024786162004474
13,9.06245909287603
46,71.93048592462709
24,21.459729711900756
13,13.50884821250744
37,36.14828793799812
14,15.222114877454157
8,11.231293966299749
26,23.682473398619884
18,23.521477233158095
59,54.1032674015528
28,23.80059115720873
11,14.224397394153112
8,10.778484810921327
16,14.991011178952286
30,26.24690996850061
12,20.654424999253983
26,19.59716054061075
10,8.652966516505764
7,10.878774202996436
87,77.51497083816078
10,10.540000776696932
12,8.141117710268954
34,30.08766083619281
8,6.1848532642848095
8,20.654424999253983
102,89.58959426089615
19,17.309383671807016
24,19.59716054061075
64,61.08533171891948
17,17.279232846625963
5,8.051138409337081
2,4.905468382676053
25,22.72520287602327
12,13.056805564470952
14,15.10138129475909
68,75.04303026605184
16,10.878774202996436
11,14.171604337410093
60,65.71433322763613
10,10.226202590755888
10,8.15566948439239
14,20.654424999253983
5,8.141117710268954
7,6.1848532642848095
10,15.953602994691977
5,4.745745308207217
27,15.910367551561862
49,46.45369700239882
32,15.953602994691977
22,15.953602994691977
35,26.920349561120666
74,63.1060096325961
18,14.484801165716092
43,52.04570669475478
27,35.211898549041095
11,11.231293966299749
48,63.60190253813886
11,10.536157945370068
7,22.72520287602327
17,13.993293695651241
36,35.4447515749777
56,49.32458163066449
19,23.521477233158095
19,19.885107385231443
47,38.84902986283522
16,20.654424999253983
14,15.10138129475909
43,35.4447515749777
45,45.74855913228642
9,14.484801165716092
14,14.083896770714176
12,15.953602994691977
31,56.32037411420055
8,20.95774111417888
27,30.08766083619281
21,17.309383671807016
10,7.409164952879661
22,30.08766083619281
10,8.141117710268954
15,20.95774111417888
10,9.868509023729377
2,4.905468382676053
9,4.905468382676053
6,4.285635420288315
5,6.9507134079359805
27,29.502118816605087
84,76.54592184240676
21,21.447239930279906
17,13.056805564470952
30,22.72520287602327
25,20.794226654288444
13,19.264580740962682
6,8.511172237294769
27,25.396047826444853
6,8.141117710268954
18,15.222114877454157
23,24.71997927218393
84,100.59803406921054
12,9.194128229729051
22,26.842283469213516
18,13.993293695651241
7,13.086179287413131
9,7.335805640600436
18,16.448517269705217
11,15.222114877454157
20,35.211898549041095
55,50.193299577157816
33,23.336699463104704
21,30.08766083619281
37,48.72342798961729
29,15.953602994691977
27,15.222114877454157
6,8.051138409337081
7,13.086179287413131
9,9.194128229729051
16,25.06291490602539
32,25.06291490602539
6,7.634887015219337
14,9.850539165927142
37,29.502118816605087
19,24.682748460994976
7,8.051138409337081
10,7.485040963661332
2,4.14135637643875
28,26.17528050945291
4,6.9507134079359805
12,19.59299264179822
35,35.211898549041095
24,26.152747056398237
32,41.616722679486074
8,6.9507134079359805
104,110.63011961350196
41,41.616722679486074
9,8.613196310577418
12,8.94255868841196
38,36.937601709556795
8,7.600484206395791
10,15.953602994691977
12,27.464388332011772
82,74.12277958940058
21,13.993293695651241
10,8.94255868841196
8,6.9507134079359805
25,20.654424999253983
21,35.211898549041095
20,11.138220531577648
7,6.9507134079359805
14,15.953602994691977
2,6.9507134079359805
3,5.645604178598086
16,17.309383671807016
16,15.770367112394837
10,15.910367551561862
40,32.777955707528186
5,4.529105459925445
6,8.051138409337081
20,14.257099552812866
8,11.09228299686237
11,9.855550616558562
8,10.166230316674035
11,9.313714932334623
35,35.211898549041095
41,41.05143229133868
10,15.953602994691977
16,27.464388332011772
16,26.099416774717533
13,15.910367551561862
10,11.864963371559131
2,6.9507134079359805
23,21.133675740057793
6,4.814495308207218
9,15.910367551561862
10,8.141117710268954
5,5.674844117913958
46,38.456150601695306
24,18.650680103276823
17,10.246219867353242
82,74.40866355446931
17,21.326323714374386
6,5.29307447901651
11,10.19738222720532
79,74.14160926107219
19,14.830642562058742
11,15.910367551561862
11,9.148726335078473
31,20.654424999253983
6,6.9507134079359805
60,71.49850619317515
25,26.17528050945291
21,14.830642562058742
24,27.58880247189513
20,19.264580740962682
14,19.264580740962682
11,17.611959695826222
5,5.674844117913958
52,49.21846522131055
31,35.211898549041095
70,68.96797580289885
47,28.701181864555746
18,21.898906159384303
11,15.953602994691977
23,15.953602994691977
84,74.21747546568525
42,28.389440091846136
2,6.9507134079359805
8,6.9507134079359805
15,15.953602994691977
14,20.654424999253983
20,11.138220531577648
7,8.141117710268954
26,22.050500362282854
72,63.220169439702396
10,15.953602994691977
7,10.486469239329136
3,4.175771511650675
55,52.24473214611768
9,16.26952975419858
93,74.87106599713448
8,8.051138409337081
53,87.2681804477989
17,14.809191749362004
17,15.910367551561862
16,19.264580740962682
6,8.051138409337081
22,19.81142845318318
74,63.220169439702396
8,7.594725975921305
59,51.763936600994256
6,9.089600218130375
5,4.296503218968501
14,14.225850637487852
23,21.804091447437244
7,6.9507134079359805
20,15.910367551561862
93,63.975354418607004
17,14.224397394153112
32,36.937601709556795
16,15.910367551561862
9,7.205553845795782
20,19.264580740962682
6,9.894771281862369
69,73.77001904033207
62,51.763936600994256
9,9.23642642023537
6,15.953602994691977
11,9.06245909287603
7,7.247151494875664
39,45.15875342357631
33,29.502118816605087
9,8.141117710268954
11,20.654424999253983
42,35.4447515749777
30,45.282926649907765
53,73.49761607543803
7,9.023504259543497
9,10.778484810921327
23,31.657442900716177
7,4.426637737252099
13,12.112370379819179
64,73.17138631398753
8,8.141117710268954
13,11.09228299686237
35,24.656933825949416
22,14.224397394153112
5,6.1848532642848095
36,63.47946151306424
9,8.15566948439239
17,14.224397394153112
43,44.029835850577044
8,6.9507134079359805
12,11.760632198697344
21,20.42564405409294
14,15.10138129475909
16,22.007236242577704
24,21.804091447437244
11,20.654424999253983
18,19.264580740962682
36,47.86918919571765
11,20.030909729161092
8,8.091415629584684
56,56.872896266686
21,14.224397394153112
7,7.409164952879661
26,19.264580740962682
12,10.625308884252496
10,10.58821469700841
35,35.472972997994
19,15.97734020880149
12,12.231547937422194
38,49.742823753324004
12,15.953602994691977
64,64.6069548828954
24,21.06287597949589
12,14.224397394153112
7,9.313714932334623
6,4.152862192552517
8,11.760632198697344
5,4.175771511650675
6,6.9507134079359805
18,15.222114877454157
18,15.10138129475909
14,11.760632198697344
10,10.226202590755888
29,32.777955707528186
20,14.991011178952286
46,35.211898549041095
7,14.083896770714176
23,22.050500362282854
8,8.141117710268954
5,8.00415463344022
19,23.504685611358436
15,17.69978361744308
9,15.953602994691977
11,13.50884821250744
38,29.502118816605087
8,8.141117710268954
2,4.14135637643875
13,14.224397394153112
33,37.72742251598697
19,14.224397394153112
5,6.9507134079359805
19,21.06287597949589
27,15.953602994691977
4,7.335805640600436
19,26.17528050945291
27,27.851105565991816
18,21.804091447437244
9,13.086179287413131
65,61.298183893703786
3,7.409164952879661
19,15.953602994691977
11,9.894771281862369
5,6.9507134079359805
57,56.32037411420055
16,26.151517556818312
16,18.91550704975158
7,7.247151494875664
37,30.997962480450248
11,13.692424455318758
13,15.910367551561862
10,10.625308884252496
6,9.392872219583685
21,18.267589741512943
49,41.68177687643009
6,15.910367551561862
9,11.760632198697344
75,63.1060096325961
25,24.162835389994676
91,85.73953698970524
6,7.975266750752122
7,7.335805640600436
28,20.654424999253983
8,6.965204831416038
18,26.569668217325848
39,42.77576699694157
24,25.790782151376696
87,72.55189222077823
11,11.760632198697344
46,56.96963730307633
41,63.1060096325961
22,14.224397394153112
34,29.791061234968613
18,21.005385330826364
5,8.613196310577418
15,7.600484206395791
34,20.654424999253983
74,61.69987702233309
3,4.175771511650675
14,12.231547937422194
16,14.665912706376275
13,9.405139253929534
21,19.400357142857143
36,45.67412646314197
6,4.175771511650675
4,6.9507134079359805
15,15.953602994691977
12,10.821504646587119
16,12.784629870634204
17,18.081171979083216
13,22.12079181547742
82,71.49850619317515
10,17.279232846625963
11,12.4519302009553
12,7.600484206395791
116,90.022971816152
16,14.224397394153112
67,51.06397406609803
10,14.830642562058742
9,13.993293695651241
25,26.920349561120666
7,8.141117710268954
21,21.804091447437244
15,19.264580740962682
7,8.051138409337081
13,12.86852113863847
15,13.086179287413131
3,6.9507134079359805
15,13.056805564470952
8,7.833713941616347
6,7.268952664657574
11,15.953602994691977
8,7.155100315027139
10,9.894771281862369
9,11.032996094496529
49,71.47363772568085
7,8.141117710268954
45,26.18029447338292
39,56.69382599466868
9,10.778484810921327
5,8.902549508762139
24,24.71997927218393
9,8.15566948439239
61,56.69382599466868
23,24.682748460994976
52,44.029835850577044
40,35.705826023930605
11,15.222114877454157
14,14.809191749362004
56,56.11001828120359
20,21.068516147110905
3,6.9507134079359805
17,29.502118816605087
19,23.504685611358436
6,6.9507134079359805
23,20.95322773032782
5,7.247151494875664
54,42.926593623933755
9,13.086179287413131
11,8.076722245309444
24,20.654424999253983
5,14.083896770714176
8,19.59299264179822
4,3.486516534793027
12,15.953602994691977
9,6.911980613525775
11,7.247151494875664
17,14.224397394153112
4,11.864963371559131
60,71.78259732884786
5,8.94255868841196
81,69.01601134388561
12,8.051138409337081
4,6.214498201953512
15,16.448517269705217
30,15.953602994691977
10,15.222114877454157
23,19.264580740962682
9,20.654424999253983
7,11.760632198697344
18,15.910367551561862
18,15.910367551561862
2,4.14135637643875
13,12.68563403114234
36,26.17528050945291
64,54.530740991409935
9,11.864963371559131
41,35.472972997994
40,15.910367551561862
20,17.843886407709938
34,26.842283469213516
39,35.4447515749777
27,21.804091447437244
19,30.08766083619281
21,26.920349561120666
8,8.141117710268954
5,8.051138409337081
15,15.953602994691977
95,89.15910238849229
14,15.910367551561862
5,5.6735613374161264
39,31.892463631440933
12,9.280795230605918
42,15.953602994691977
15,18.91550704975158
27,32.777955707528186
14,14.944668709741293
4,5.554181218288992
52,22.980258220599683
5,8.141117710268954
6,8.652966516505764
13,9.06245909287603
35,35.472972997994
19,15.953602994691977
78,63.1060096325961
37,15.953602994691977
37,20.654424999253983
9,8.141117710268954
7,8.94255868841196
19,15.222114877454157
9,10.778484810921327
10,11.64299397715326
14,12.112370379819179
28,24.71997927218393
116,95.97301966230756
9,8.141117710268954
12,7.600484206395791
14,11.864963371559131
21,17.016562987400054
4,6.323071058440933
51,41.616722679486074
6,8.051138409337081
11,14.224397394153112
14,14.407240333318338
9,11.760632198697344
19,20.654424999253983
8,12.4519302009553
11,15.953602994691977
9,8.141117710268954
12,15.910367551561862
18,14.224397394153112
13,13.086179287413131
9,9.894771281862369
19,21.958662344412716
30,25.077482785926822
43,35.4447515749777
5,4.019699323670305
18,20.654424999253983
12,13.295235351555112
8,8.925475135700726
52,44.831259530183196
62,62.07332890280122
22,20.654424999253983
13,15.953602994691977
7,7.975266750752122
13,14.224397394153112
14,7.600484206395791
29,31.089975183557975
10,8.076722245309444
15,15.953602994691977
6,5.536405189831728
18,15.222114877454157
26,26.215929673187343
18,27.055747888989902
17,15.953602994691977
48,35.705826023930605
7,15.953602994691977
11,10.608763611623509
37,35.4447515749777
6,10.58821469700841
10,8.051138409337081
9,8.15566948439239
93,76.95897690341738
11,10.764738919464877
15,9.194128229729051
26,35.472972997994
14,15.910367551561862
1,4.14135637643875
8,8.141117710268954
6,5.674844117913958
8,8.141117710268954
35,35.472972997994
2,6.9507134079359805
28,45.74855913228642
50,47.90990478561356
8,6.9507134079359805
23,24.682748460994976
22,20.95322773032782
11,14.484801165716092
57,52.24473214611768
21,19.264580740962682
24,20.654424999253983
29,45.78790536896526
11,15.953602994691977
51,70.78857763145683
7,8.141117710268954
12,10.253050491528995
13,11.760632198697344
25,35.472972997994
13,8.141117710268954
50,43.57960914256658
77,62.72427653415964
24,35.211898549041095
10,14.224397394153112
30,41.616722679486074
22,21.958662344412716
4,4.152862192552517
5,4.529105459925445
30,23.967397413134137
31,26.842589817890577
11,11.760632198697344
20,15.910367551561862
3,5.317647835650184
9,14.224397394153112
7,11.231293966299749
14,11.760632198697344
16,20.985288531163558
36,32.8535285091551
61,53.172793743792525
20,20.654424999253983
9,9.194128229729051
11,6.9507134079359805
14,19.264580740962682
18,16.26952975419858
12,11.760632198697344
7,5.102865048360429
17,20.95774111417888
21,30.419553740884567
52,39.4608639372058
42,35.472972997994
3,4.529105459925445
15,12.4519302009553
59,43.67913503871434
16,21.804091447437244
3,5.554181218288992
13,11.760632198697344
16,15.222114877454157
7,8.141117710268954
43,68.77074980987734
37,39.6937169631424
8,10.58821469700841
11,8.92113983833202
34,35.211898549041095
6,9.06667459119179
15,15.953602994691977
6,8.051138409337081
12,7.297465182926972
11,8.104496423641484
8,14.224397394153112
6,4.175771511650675
16,14.224397394153112
15,20.654424999253983
22,16.448517269705217
25,26.152747056398237
6,9.894771281862369
19,14.59953886355687
13,15.910367551561862
15,15.953602994691977
47,54.1032674015528
16,21.753335166557626
50,76.97147224162589
83,75.31852242248765
32,26.17528050945291
7,6.221192925432056
90,88.36678239708506
50,49.742823753324004
5,9.06245909287603
10,9.208274660594912
5,4.529105459925445
42,63.1060096325961
25,16.105184161783747
18,15.953602994691977
9,8.051138409337081
32,35.472972997994
40,31.892463631440933
6,5.674844117913958
4,3.486516534793027
30,43.13282411529313
19,12.4519302009553
2,4.14135637643875
32,30.997962480450248
20,15.910367551561862
96,89.15910238849229
10,15.953602994691977
16,15.910367551561862
7,6.9507134079359805
12,10.340506436591856
11,11.64299397715326
32,24.70450795182669
16,15.707470286998012
9,11.09228299686237
23,15.953602994691977
21,15.953602994691977
33,35.211898549041095
4,6.330998963868781
69,62.72427653415964
9,10.19738222720532
43,36.937601709556795
41,36.937601709556795
5,6.9507134079359805
11,15.953602994691977
66,23.510068101476115
4,4.359039357741389
75,63.47946151306424
35,24.71997927218393
16,14.991011178952286
4,8.141117710268954
7,10.375692182730464
12,8.228925568035761
37,30.410204825084385
2,4.082235462443193
43,44.60476069066323
13,14.224397394153112
52,81.44719190177341
3,4.175771511650675
20,22.490759404498657
10,13.692424455318758
18,15.953602994691977
33,20.654424999253983
5,10.878774202996436
48,44.44997666455611
11,11.419343836031278
10,14.830642562058742
8,8.141117710268954
6,8.141117710268954
22,26.17528050945291
6,4.814495308207218
5,8.805323714423572
13,14.171604337410093
5,6.59099896386878
27,24.75643660363599
6,5.674844117913958
18,13.086179287413131
7,10.073049345371176
21,31.657442900716177
10,18.081171979083216
10,9.06245909287603
4,7.600484206395791
13,13.881044831422068
88,71.49850619317515
62,52.24473214611768
7,7.45298390465491
9,20.654424999253983
15,14.224397394153112
6,15.910367551561862
4,4.665213296905976
75,70.0541464315714
38,27.609885973935945
8,4.969125501426836
15,20.654424999253983
39,35.472972997994
10,8.141117710268954
52,65.71433322763613
15,11.760632198697344
31,11.138220531577648
31,25.077482785926822
42,56.32037411420055
24,20.282529054613498
38,35.472972997994
4,4.175771511650675
16,14.830642562058742
8,8.141117710268954
16,17.112178486101687
13,8.15566948439239
21,15.910367551561862
16,21.253700687593092
79,62.07332890280122
87,73.46546095117074
19,26.544965955546992
10,10.218212064297484
87,71.49850619317515
8,6.9507134079359805
38,25.02538200382604
14,11.760632198697344
33,30.08766083619281
33,28.03543932041161
6,15.953602994691977
50,41.165815464272086
28,43.39949126548563
19,20.449510264053668
14,10.58821469700841
15,19.59299264179822
6,8.141117710268954
11,11.187597804285245
8,8.051138409337081
8,14.830642562058742
19,17.536883971244073
14,12.231547937422194
38,36.58937607806756
16,21.153257957111958
16,20.654424999253983
32,37.908727322589684
50,47.57387376360416
44,44.66254831003925
5,5.317647835650184
69,70.04007746605416
13,11.09228299686237
16,21.253700687593092
10,8.141117710268954
2,4.529105459925445
31,26.842589817890577
8,8.141117710268954
47,25.473226833918737
13,12.082229863616037
9,14.224397394153112
7,8.141117710268954
8,9.894771281862369
22,15.953602994691977
15,14.224397394153112
14,12.784629870634204
19,15.953602994691977
5,4.427115330321852
9,8.141117710268954
89,84.45136580762266
16,20.654424999253983
14,12.4519302009553
17,19.264580740962682
20,15.953602994691977
29,24.08989292800341
19,13.692424455318758
31,23.44396359959405
6,15.953602994691977
26,21.958662344412716
7,11.760632198697344
8,7.975266750752122
10,7.247151494875664
5,8.141117710268954
13,21.804091447437244
9,12.082229863616037
12,8.141117710268954
11,13.086179287413131
12,11.760632198697344
23,29.502118816605087
55,42.97066575022573
16,14.224397394153112
6,4.285635420288315
53,44.029835850577044
24,29.791061234968613
10,8.141117710268954
15,17.309383671807016
20,26.155177380393127
11,11.032996094496529
6,7.247151494875664
14,10.382172589917923
20,20.95322773032782
6,7.171229386444378
8,8.362025720858131
23,32.8535285091551
21,15.910367551561862
10,6.9507134079359805
4,6.1848532642848095
16,24.656933825949416
5,4.426637737252099
78,72.38610723118734
8,8.15566948439239
8,6.9507134079359805
27,32.777955707528186
23,20.030909729161092
5,4.175771511650675
5,3.532434560373166
86,67.50080408441399
17,15.64818212107408
10,14.830642562058742
14,15.910367551561862
13,10.764738919464877
18,14.224397394153112
27,18.91550704975158
32,27.609885973935945
41,28.01164545174047
7,7.171229386444378
18,16.448517269705217
34,29.502118816605087
27,34.401001891676685
7,8.141117710268954
9,15.910367551561862
7,10.878774202996436
31,29.272504820925423
10,15.910367551561862
31,32.777955707528186
45,38.84902986283522
3,4.078820237665862
2,4.175771511650675
28,25.077482785926822
9,15.222114877454157
17,18.91550704975158
52,56.69382599466868
14,16.26952975419858
17,15.953602994691977
5,6.9507134079359805
16,20.654424999253983
13,11.09228299686237
14,14.224397394153112
21,25.652198667301967
32,36.937601709556795
10,14.083896770714176
54,48.90724669209715
10,20.282529054613498
74,62.07332890280122
37,61.89925812172102
14,16.448517269705217
17,14.71416603919769
30,24.03830846387341
38,63.47946151306424
16,21.898906159384303
5,8.459824209624058
7,9.363669126710917
19,15.345419724673311
41,26.842283469213516
15,17.309383671807016
15,21.160790736231768
34,28.701181864555746
84,92.78630903149534
57,56.69382599466868
7,8.141117710268954
10,8.15566948439239
13,20.654424999253983
15,15.953602994691977
15,15.848648377631582
12,10.58821469700841
11,14.224397394153112
12,20.654424999253983
27,20.654424999253983
16,15.222114877454157
21,20.42564405409294
13,20.654424999253983
5,6.9507134079359805
23,17.536883971244073
29,30.08766083619281
10,15.910367551561862
8,9.148726335078473
4,11.09228299686237
11,8.141117710268954
8,8.141117710268954
21,29.791061234968613
11,14.224397394153112
17,16.448517269705217
17,13.086179287413131
38,34.46030741402791
69,56.69382599466868
13,19.243023574240006
21,20.95774111417888
57,49.140922596821795
92,86.73597741791387
5,6.323071058440933
35,30.08766083619281
10,11.231293966299749
20,14.224397394153112
35,30.08766083619281
30,45.78790536896526
41,32.777955707528186
6,15.953602994691977
31,34.81280307796215
24,17.607979494910815
16,12.984059268673983
5,8.051138409337081
20,15.10138129475909
7,7.247151494875664
18,8.15566948439239
26,20.654424999253983
52,56.32037411420055
12,8.051138409337081
8,6.9507134079359805
40,48.72342798961729
11,10.778484810921327
31,23.336699463104704
13,13.086179287413131
67,49.742823753324004
6,6.1848532642848095
72,63.47946151306424
19,20.654424999253983
10,12.4519302009553
39,35.472972997994
7,13.375187602570913
6,15.953602994691977
19,11.138220531577648
11,7.247151494875664
89,82.52405315131614
5,6.9507134079359805
32,35.211898549041095
78,63.975354418607004
6,6.9507134079359805
13,11.760632198697344
6,6.9507134079359805
13,15.953602994691977
3,4.529105459925445
7,5.317647835650184
26,25.790782151376696
64,72.2450903221461
3,4.285635420288315
78,63.1060096325961
29,25.76855504699908
11,10.58821469700841
14,8.141117710268954
24,21.804091447437244
1,4.1494469677751855
7,8.051138409337081
5,7.247151494875664
95,80.22727298389171
3,3.4276342205260972
19,21.622283287788598
4,4.223099281515427
4,8.93134625780083
59,52.24473214611768
10,10.764738919464877
2,8.051138409337081
22,35.472972997994
41,41.616722679486074
2,4.14135637643875
40,63.1060096325961
21,23.57266308820229
12,11.760632198697344
15,17.29567343217766
9,13.086179287413131
53,44.28376535984952
10,6.230399673469513
33,29.502118816605087
28,23.336699463104704
76,79.80750228432699
6,11.231293966299749
5,6.9507134079359805
40,38.84902986283522
19,16.448517269705217
35,33.12482255399194
6,8.736369437280604
51,46.45369700239882
35,31.089975183557975
6,4.905468382676053
49,35.211898549041095
3,8.141117710268954
5,10.878774202996436
46,41.616722679486074
6,7.393849845557492
43,41.616722679486074
7,6.9507134079359805
8,15.953602994691977
11,5.674844117913958
29,48.47632000631107
7,10.778484810921327
6,8.051138409337081
4,6.9507134079359805
10,8.051138409337081
6,8.141117710268954
22,29.502118816605087
24,20.42564405409294
4,4.288412627632065
12,15.910367551561862
19,15.910367551561862
19,18.4444228272015
8,9.391666210886502
24,27.851105565991816
40,74.03089216911852
23,15.953602994691977
36,44.3692502603972
15,18.081171979083216
44,42.36603542909055
7,6.1848532642848095
45,43.92939379638343
13,22.980258220599683
29,24.71997927218393
7,6.214498201953512
14,10.887033291759248
7,6.9507134079359805
3,3.486516534793027
60,46.370913978283866
8,8.15566948439239
19,15.967959761541454
2,5.085487016765773
33,48.8497718867792
12,15.319630865114231
19,31.089975183557975
98,77.67804295338067
18,20.654424999253983
11,20.654424999253983
9,10.218212064297484
53,42.97066575022573
4,6.9507134079359805
16,15.953602994691977
55,71.45672329340168
10,13.086179287413131
3,3.4276342205260972
34,29.502118816605087
65,51.32319709135341
21,20.654424999253983
8,11.760632198697344
82,76.22410862641405
6,5.317647835650184
10,11.09228299686237
7,6.9507134079359805
14,20.654424999253983
55,44.831259530183196
20,26.24690996850061
12,14.830642562058742
40,61.69987702233309
11,18.4444228272015
59,68.74064889462558
8,10.778484810921327
74,62.07332890280122
7,6.9507134079359805
30,24.826020689526644
37,35.211898549041095
33,30.08766083619281
37,32.8535285091551
5,5.646082609186568
85,77.0675144128076
10,15.910367551561862
9,8.641977066938352
10,16.202381444023565
11,7.247151494875664
6,4.814495308207218
14,15.953602994691977
36,26.544965955546992
24,27.609885973935945
47,45.74855913228642
7,9.06245909287603
34,44.29833778372346
11,10.878774202996436
28,15.910367551561862
6,8.15566948439239
33,25.473226833918737
11,12.112370379819179
35,36.937601709556795
4,4.14135637643875
55,58.45309965802922
98,80.21361122735149
75,59.29354139631467
11,10.292422486004465
38,31.657442900716177
12,16.539979527645
15,14.224397394153112
19,15.953602994691977
7,8.736369437280604
33,31.089975183557975
4,3.532434560373166
10,6.1848532642848095
9,9.843502999274646
89,72.55189222077823
7,5.674844117913958
14,15.953602994691977
8,6.9507134079359805
34,37.72742251598697
8,8.141117710268954
29,30.08766083619281
6,6.9507134079359805
23,21.804091447437244
25,25.078775616994264
42,36.58937607806756
10,8.051138409337081
16,14.224397394153112
11,6.9507134079359805
54,77.0675144128076
40,35.472972997994
10,8.141117710268954
7,8.141117710268954
6,5.36182447901651
9,14.224397394153112
16,7.155100315027139
8,13.692424455318758
28,35.211898549041095
9,9.843502999274646
4,3.486516534793027
20,17.45776137515449
6,5.580321653482852
18,12.4519302009553
15,14.830642562058742
8,8.141117710268954
17,18.91550704975158
17,14.809191749362004
14,13.086179287413131
5,8.141117710268954
23,26.151517556818312
33,31.657442900716177
76,20.654424999253983
24,19.264580740962682
17,17.309383671807016
19,14.991011178952286
6,6.330998963868781
30,30.08766083619281
20,11.138220531577648
36,56.32037411420055
12,24.71997927218393
55,87.2681804477989
10,9.313714932334623
17,19.264580740962682
16,15.10138129475909
15,14.083896770714176
15,8.94255868841196
24,35.705826023930605
34,30.08766083619281
19,15.222114877454157
51,70.78857763145683
83,79.97821079346
7,7.413539071409606
13,15.222114877454157
33,32.8535285091551
17,14.830642562058742
15,20.654424999253983
27,31.089975183557975
11,6.9507134079359805
6,15.222114877454157
10,11.232932461126774
30,26.8438193174705
9,15.953602994691977
40,35.211898549041095
5,7.591271109972392
48,44.44997666455611
31,56.32037411420055
48,43.82222589474841
30,44.29833778372346
46,36.14828793799812
20,20.654424999253983
17,23.504685611358436
17,16.26952975419858
4,6.9507134079359805
5,4.814495308207218
5,11.760632198697344
6,7.600484206395791
28,21.06287597949589
9,8.051138409337081
10,12.082229863616037
21,15.336923667815626
20,26.488993730138837
9,5.439119470518176
9,6.436409146409147
15,18.081171979083216
17,13.7827612559857
13,17.298094431468055
33,45.74855913228642
77,62.07332890280122
22,26.24690996850061
28,15.953602994691977
83,63.975354418607004
51,45.74855913228642
9,5.72661462048781
18,19.264580740962682
80,61.69987702233309
9,7.600484206395791
13,9.8570446861259
28,35.705826023930605
17,14.151521411098518
9,10.878774202996436
10,13.185301340555592
4,7.508588319050108
10,8.141117710268954
15,9.06245909287603
11,14.224397394153112
6,8.141117710268954
10,12.68563403114234
8,9.06245909287603
14,15.222114877454157
4,6.9507134079359805
4,7.247151494875664
12,9.456441810319856
107,85.89913674713434
17,22.490759404498657
7,6.9507134079359805
22,26.152747056398237
25,26.842283469213516
18,15.707470286998012
3,6.9507134079359805
6,6.9507134079359805
17,11.09228299686237
17,14.825718191465509
10,9.894771281862369
6,8.141117710268954
10,9.894771281862369
41,35.705826023930605
8,9.894771281862369
28,44.029835850577044
5,14.224397394153112
44,42.36603542909055
48,34.81280307796215
14,20.654424999253983
29,10.58821469700841
40,35.211898549041095
12,13.843063603063603
10,11.09228299686237
4,7.247151494875664
27,23.682473398619884
9,10.486469239329136
17,15.953602994691977
11,8.051138409337081
14,20.282529054613498
10,9.921789504197275
45,62.65444310062561
9,6.214498201953512
35,26.215929673187343
13,15.953602994691977
8,6.1848532642848095
6,11.864963371559131
13,11.767589117156636
16,18.91550704975158
8,7.142258130128665
6,9.234385442225946
16,22.12079181547742
3,6.9507134079359805
14,15.910367551561862
10,8.15566948439239
30,25.473226833918737
15,14.941839399414906
20,18.18022297477337
14,10.608763611623509
13,11.09228299686237
17,15.953602994691977
6,6.241472382052281
25,36.937601709556795
3,6.9507134079359805
14,18.081171979083216
81,63.975354418607004
14,15.953602994691977
29,23.336699463104704
61,59.627845694650375
80,63.1060096325961
38,37.72742251598697
46,45.78314961534812
18,7.247151494875664
26,35.472972997994
8,7.918928481977946
21,17.843886407709938
15,15.910367551561862
68,61.31814392389663
6,5.674844117913958
43,29.502118816605087
3,4.175771511650675
32,20.654424999253983
28,45.74855913228642
8,9.894771281862369
56,52.44334568173893
8,10.358942600352297
31,26.920349561120666
7,6.958817237988244
14,7.849030954269528
15,15.910367551561862
9,8.051138409337081
9,8.523906687445933
50,41.616722679486074
32,27.609885973935945
9,8.969448796853225
24,35.211898549041095
10,9.843502999274646
16,15.10138129475909
13,11.760632198697344
52,43.21759557361323
10,15.222114877454157
11,9.894771281862369
21,19.264580740962682
20,21.804091447437244
2,5.045624699780379
23,20.654424999253983
24,22.72520287602327
27,21.804091447437244
11,19.59299264179822
21,22.980258220599683
26,26.260201577767912
50,41.34352930228718
8,10.778484810921327
15,11.760632198697344
54,48.19848867504017
23,20.654424999253983
33,35.211898549041095
2,5.102865048360429
53,39.02924012940169
39,60.737423173023636
13,22.72520287602327
11,9.724269419799008
31,30.22031757495305
6,11.09228299686237
15,14.224397394153112
70,50.365178599321446
5,4.665213296905976
8,8.141117710268954
28,26.18029447338292
36,35.472972997994
62,70.55755339492013
10,11.767589117156636
26,31.089975183557975
13,22.490759404498657
22,26.152747056398237
12,9.523478905965016
59,56.32037411420055
10,15.953602994691977
12,15.953602994691977
15,13.086179287413131
17,20.654424999253983
29,21.068516147110905
83,75.90351851851851
73,63.47946151306424
30,26.842283469213516
15,21.898906159384303
8,8.15566948439239
34,20.654424999253983
14,11.760632198697344
32,31.657442900716177
47,36.58937607806756
39,28.701181864555746
7,15.953602994691977
26,36.937601709556795
41,32.9926475239506
5,6.287519110388985
12,19.075360392092204
11,9.894771281862369
6,4.905468382676053
15,19.264580740962682
8,7.084822232692768
20,15.222114877454157
20,20.654424999253983
16,14.083896770714176
103,85.89913674713434
12,12.86852113863847
74,63.47946151306424
4,4.296503218968501
32,34.46030741402791
4,3.4276342205260972
8,8.051138409337081
16,11.09228299686237
10,11.760632198697344
4,4.288412627632065
11,8.141117710268954
16,15.336923667815626
20,25.06291490602539
4,5.79536462048781
6,7.451499319802454
32,44.168361682428745
30,15.953602994691977
58,49.742823753324004
121,88.36678239708506
4,7.247151494875664
65,81.50035242219154
12,7.247151494875664
15,13.086179287413131
9,10.119454157751866
11,13.086179287413131
14,15.953602994691977
8,10.001650707803622
50,34.81280307796215
44,17.93100845956646
49,36.14828793799812
15,14.224397394153112
10,12.4519302009553
12,8.141117710268954
7,8.051138409337081
8,8.141117710268954
45,63.1060096325961
10,9.194128229729051
15,15.953602994691977
5,10.58821469700841
7,8.362025720858131
34,20.654424999253983
21,20.654424999253983
26,24.03830846387341
9,6.9507134079359805
15,15.10138129475909
18,17.843886407709938
7,7.268952664657574
9,11.09228299686237
34,42.185333790597184
33,35.211898549041095
18,26.152747056398237
13,15.910367551561862
18,17.611959695826222
83,70.78857763145683
29,26.18029447338292
21,25.078775616994264
16,15.222114877454157
7,7.176018099776718
13,14.083896770714176
14,12.082229863616037
10,10.58821469700841
6,7.205553845795782
8,14.224397394153112
16,15.10138129475909
29,23.336699463104704
7,7.323372541201489
20,16.448517269705217
53,45.74855913228642
96,95.96055627129404
17,14.171604337410093
15,15.0326089138625
8,8.051138409337081
11,8.141117710268954
6,8.141117710268954
34,11.138220531577648
52,52.83458063096616
16,23.868517691764204
10,10.625308884252496
10,11.760632198697344
5,8.141117710268954
76,61.120544263332455
15,12.4519302009553
19,15.910367551561862
84,90.95697826200654
83,63.975354418607004
13,8.141117710268954
16,19.264580740962682
9,9.208274660594912
23,22.82213651293839
7,7.971681958490028
52,44.29833778372346
49,46.798958336275305
59,57.216598761651426
6,5.102865048360429
7,11.155290466790898
28,21.97704981115634
67,55.29795596981588
14,18.91550704975158
68,62.72427653415964
8,8.141117710268954
7,15.953602994691977
7,4.285635420288315
9,10.246219867353242
26,22.12079181547742
43,52.44334568173893
17,12.4519302009553
18,13.783049671729737
9,8.904507423053625
13,15.910367551561862
5,6.296603197666938
46,62.07332890280122
43,67.88387508391835
8,8.141117710268954
12,15.910367551561862
27,20.95322773032782
77,62.61909521168517
25,24.630647678894192
15,11.09228299686237
16,15.953602994691977
18,12.4519302009553
9,11.760632198697344
3,4.285635420288315
7,8.141117710268954
9,6.323071058440933
13,11.138220531577648
11,12.50218500567454
6,8.141117710268954
36,47.23365689065311
40,36.937601709556795
17,14.083896770714176
21,30.08766083619281
14,15.222114877454157
16,8.402212246043108
19,14.083896770714176
6,5.674844117913958
11,8.736369437280604
9,11.760632198697344
19,13.086179287413131
27,38.456150601695306
4,6.6898394272357535
27,15.953602994691977
14,12.082229863616037
13,12.50218500567454
17,15.953602994691977
75,63.47946151306424
29,48.43964757312797
14,26.24690996850061
22,31.657442900716177
11,9.894771281862369
76,61.258573075772816
1,4.529105459925445
12,9.127393131610383
7,5.102865048360429
102,95.96055627129404
8,6.9507134079359805
23,21.804091447437244
12,11.760632198697344
23,21.804091447437244
14,20.654424999253983
13,13.086179287413131
15,18.91550704975158
9,9.305623595451028
7,9.392872219583685
39,35.472972997994
9,6.323071058440933
9,13.086179287413131
15,14.991011178952286
60,59.627845694650375
24,15.953602994691977
55,44.029835850577044
103,85.74590921232053
4,6.089374743613874
47,45.655617190293654
16,15.993936582270104
12,14.083896770714176
10,5.674844117913958
15,14.665912706376275
8,13.351057408901761
24,21.958662344412716
27,24.593806340718107
37,15.953602994691977
28,28.753638078759572
4,4.152862192552517
41,43.13282411529313
11,20.654424999253983
9,8.141117710268954
9,17.016562987400054
11,6.1848532642848095
95,76.95897690341738
54,55.938641015764084
3,7.0085624498531205
54,59.120556234428534
16,14.224397394153112
67,52.44334568173893
25,24.43682218067296
16,11.760632198697344
15,15.770367112394837
14,22.12079181547742
5,6.9507134079359805
8,8.993660408343027
17,14.809191749362004
5,3.3366959171841954
35,35.472972997994
5,11.032996094496529
45,63.28401418623363
33,20.654424999253983
41,36.937601709556795
32,20.36650894377079
3,3.4276342205260972
15,15.729506433381507
15,20.654424999253983
38,52.44334568173893
18,13.355807109557109
33,40.40414692809124
15,19.264580740962682
91,85.84277153713631
2,4.665213296905976
11,9.06245909287603
41,23.83868806082658
16,16.409502853505934
38,24.630647678894192
8,13.692424455318758
13,11.760632198697344
57,63.47946151306424
16,20.654424999253983
40,32.9926475239506
26,21.958662344412716
5,8.362025720858131
61,56.32037411420055
14,14.484801165716092
23,24.669029010122433
85,85.3412036563719
8,6.296603197666938
5,15.953602994691977
16,17.306397191570394
86,81.73752128568313
2,4.745745308207217
33,34.81280307796215
16,25.396047826444853
9,9.894771281862369
6,20.654424999253983
13,18.91550704975158
19,28.01164545174047
7,7.765356668185616
5,4.175771511650675
12,10.443364533551078
17,19.35014331197258
5,9.023504259543497
12,9.086517269876449
6,8.141117710268954
16,13.086179287413131
4,15.953602994691977
32,52.24473214611768
9,8.94255868841196
4,8.051138409337081
24,21.958662344412716
16,11.864963371559131
16,10.58821469700841
21,23.80059115720873
60,50.365178599321446
84,73.88696586181071
7,11.864963371559131
12,7.485040963661332
41,35.472972997994
9,6.997381763137173
11,8.051138409337081
97,76.07053693700217
7,7.600484206395791
57,58.07964777756109
13,18.081171979083216
6,6.9507134079359805
22,21.068516147110905
11,8.894215929411224
2,6.9507134079359805
23,25.907697679901837
22,30.08766083619281
5,4.288412627632065
16,20.654424999253983
7,8.141117710268954
10,6.9507134079359805
62,59.627845694650375
35,24.118358429022578
3,4.285635420288315
60,20.654424999253983
10,11.760632198697344
16,21.726057490545575
106,91.46143921747219
31,41.68177687643009
38,52.44334568173893
54,45.78790536896526
19,24.826020689526644
58,43.22623520099468
17,21.804091447437244
18,22.980258220599683
52,47.70111699909707
7,6.287519110388985
19,15.910367551561862
46,35.211898549041095
75,70.78857763145683
14,11.760632198697344
9,11.138220531577648
19,25.706685034121204
15,31.089975183557975
13,10.887033291759248
18,20.282529054613498
22,35.4447515749777
100,103.16876772152314
6,8.051138409337081
10,8.141117710268954
39,36.937601709556795
16,16.26952975419858
21,21.804091447437244
11,9.336855107714289
15,20.654424999253983
11,9.894771281862369
7,8.051138409337081
96,75.31051464543707
16,20.95322773032782
3,4.14135637643875
5,5.045624699780379
18,15.910367551561862
16,15.10138129475909
25,15.953602994691977
62,49.90034376360623
6,5.760607087565743
55,63.975354418607004
39,50.51571825214454
3,6.1848532642848095
18,17.39458895762389
17,18.081171979083216
4,4.14135637643875
93,75.31852242248765
16,20.95322773032782
80,73.01634013923041
57,63.47946151306424
8,8.75010937364862
52,39.4608639372058
14,11.09228299686237
31,36.024786162004474
4,6.287519110388985
10,20.654424999253983
11,16.248631455231042
18,19.264580740962682
25,21.958662344412716
49,58.45309965802922
9,15.910367551561862
12,15.953602994691977
23,15.953602994691977
31,19.836547088993182
82,73.46546095117074
9,8.051138409337081
9,14.484801165716092
7,6.9507134079359805
9,8.051138409337081
7,8.141117710268954
18,19.264580740962682
21,16.448517269705217
22,15.953602994691977
18,15.953602994691977
25,29.791061234968613
45,57.244337439742004
33,15.953602994691977
56,63.47946151306424
14,12.4519302009553
9,10.335938647124454
36,58.07964777756109
15,18.91550704975158
7,8.141117710268954
15,12.4519302009553
11,8.141117710268954
12,15.953602994691977
7,10.58821469700841
8,15.953602994691977
12,15.953602994691977
75,71.49850619317515
6,6.9507134079359805
10,11.760632198697344
8,7.247151494875664
19,21.06287597949589
8,7.600484206395791
7,5.580321653482852
9,11.760632198697344
2,6.531828674547581
26,26.869830886198194
90,85.7977172171571
28,20.654424999253983
6,10.58821469700841
49,63.47946151306424
6,8.230732220124079
104,95.96055627129404
20,21.804091447437244
10,18.91550704975158
14,19.264580740962682
26,23.521477233158095
15,20.95322773032782
47,47.70111699909707
15,15.910367551561862
31,49.140922596821795
7,6.709506165963935
11,14.484801165716092
22,15.910367551561862
8,10.540000776696932
13,15.910367551561862
7,20.654424999253983
10,26.152747056398237
4,6.9507134079359805
17,19.264580740962682
6,6.1848532642848095
9,8.15566948439239
6,6.9507134079359805
28,24.630647678894192
17,15.953602994691977
41,35.705826023930605
7,8.362025720858131
11,20.282529054613498
20,22.72520287602327
21,15.953602994691977
2,6.9507134079359805
28,32.8535285091551
88,76.54592184240676
17,17.611959695826222
3,7.600484206395791
20,20.985288531163558
26,15.953602994691977
15,14.083896770714176
9,8.777321393007071
13,9.06245909287603
6,6.9507134079359805
9,15.953602994691977
13,15.10138129475909
20,17.309383671807016
18,14.224397394153112
26,26.099416774717533
16,15.222114877454157
17,26.488993730138837
1,4.019699323670305
65,57.85792488719786
6,6.9507134079359805
18,15.953602994691977
9,11.361762361705342
34,30.410204825084385
8,8.141117710268954
18,20.654424999253983
15,10.625308884252496
19,14.830642562058742
14,15.222114877454157
7,6.214498201953512
40,37.72742251598697
10,15.10138129475909
10,15.222114877454157
38,71.50951799179984
5,7.247151494875664
18,15.953602994691977
11,15.953602994691977
7,8.141117710268954
8,7.765356668185616
29,31.089975183557975
25,29.502118816605087
56,49.140922596821795
8,8.076722245309444
48,42.77576699694157
23,19.59299264179822
37,45.78790536896526
4,3.4276342205260972
60,63.47946151306424
13,14.224397394153112
26,23.51544410041145
72,76.11318774745932
20,22.490759404498657
9,9.894771281862369
20,26.152747056398237
8,14.224397394153112
12,15.953602994691977
19,19.264580740962682
13,11.760632198697344
51,43.67913503871434
39,56.69382599466868
25,46.37301494710698
78,75.31852242248765
3,4.152862192552517
86,70.0541464315714
14,13.086179287413131
14,14.224397394153112
23,15.953602994691977
3,5.085487016765773
21,15.953602994691977
28,39.6937169631424
8,8.141117710268954
39,26.18029447338292
17,20.654424999253983
98,87.56353484245845
58,58.121994533767506
14,15.222114877454157
3,6.9507134079359805
10,11.231293966299749
18,15.222114877454157
21,19.59299264179822
48,43.84995946953874
20,23.336699463104704
8,8.141117710268954
22,27.66808938995656
5,7.600484206395791
11,8.784703944923589
17,15.910367551561862
11,12.38628342329744
2,4.082235462443193
40,36.14828793799812
10,10.778484810921327
9,15.953602994691977
24,8.94255868841196
5,5.180312886361417
30,25.755492892200817
13,12.231547937422194
7,9.456441810319856
9,9.06245909287603
9,15.10138129475909
43,71.50951799179984
20,15.222114877454157
24,25.218685178159376
4,6.184337685401426
44,50.603635908437056
9,7.0085624498531205
91,76.11318774745932
13,26.965108726848563
46,27.53335573028578
3,4.14135637643875
27,21.804091447437244
37,32.777955707528186
10,9.89473938984603
14,20.654424999253983
9,10.675789603983919
44,20.654424999253983
22,23.673071436056645
20,10.878774202996436
24,20.654424999253983
9,9.855550616558562
12,10.764738919464877
26,21.804091447437244
16,13.881044831422068
2,6.9507134079359805
123,97.51894576034127
27,20.95774111417888
32,40.40414692809124
24,29.791061234968613
20,15.953602994691977
10,9.052817031389306
7,8.952602684708156
6,5.317647835650184
5,4.152862192552517
9,6.9507134079359805
14,11.760632198697344
15,29.502118816605087
12,8.051138409337081
77,25.06291490602539
44,38.84902986283522
12,10.778484810921327
15,22.72520287602327
9,8.141117710268954
6,4.2119831065480735
19,25.218685178159376
42,35.211898549041095
10,10.58821469700841
25,26.869830886198194
13,11.093505186673692
29,25.892315066378682
48,29.502118816605087
8,15.953602994691977
16,21.804091447437244
20,17.309383671807016
33,38.84902986283522
1,4.14135637643875
35,36.937601709556795
32,30.997962480450248
5,7.7014969043810195
10,11.864963371559131
10,14.224397394153112
3,3.4276342205260972
11,21.726057490545575
37,35.211898549041095
12,15.953602994691977
5,4.285635420288315
25,35.472972997994
21,21.726057490545575
16,14.224397394153112
27,42.77576699694157
15,18.081171979083216
19,17.309383671807016
20,14.830642562058742
15,14.224397394153112
3,8.141117710268954
9,15.910367551561862
15,14.731058970821184
17,23.521477233158095
68,62.07332890280122
10,7.602916104085592
10,15.910367551561862
10,7.600484206395791
11,8.141117710268954
43,37.72742251598697
65,62.65444310062561
17,26.152747056398237
50,62.07332890280122
20,15.222114877454157
28,26.18029447338292
8,6.9507134079359805
3,8.15566948439239
3,4.296503218968501
8,14.224397394153112
42,35.472972997994
11,8.676829194463979
12,6.9507134079359805
38,23.504685611358436
16,18.91550704975158
7,6.9507134079359805
44,35.472972997994
21,25.706685034121204
7,6.9507134079359805
24,31.089975183557975
66,83.23038674713433
14,16.26952975419858
30,23.57266308820229
9,7.975266750752122
15,15.953602994691977
12,15.953602994691977
7,8.141117710268954
6,5.102865048360429
23,18.166171758837553
33,49.140922596821795
11,15.222114877454157
9,9.059211075217599
5,4.2119831065480735
10,15.953602994691977
11,11.231293966299749
32,28.701181864555746
24,26.649400086621597
54,44.28376535984952
28,21.068516147110905
35,30.997962480450248
59,52.44334568173893
18,15.953602994691977
4,4.285635420288315
13,8.141117710268954
12,11.767589117156636
20,21.804091447437244
48,36.937601709556795
34,23.682473398619884
38,32.777955707528186
23,26.17528050945291
16,19.154523456597495
2,4.296503218968501
7,7.9651798331020895
11,10.861863124875068
11,14.083896770714176
11,11.760632198697344
7,7.924821672353055
15,20.654424999253983
6,6.9507134079359805
22,15.222114877454157
38,29.502118816605087
39,62.280991220157475
6,4.529105459925445
11,15.953602994691977
7,7.600484206395791
6,11.864963371559131
32,36.937601709556795
15,14.71416603919769
18,15.222114877454157
18,20.282529054613498
59,61.31814392389663
4,7.247151494875664
6,6.9507134079359805
13,12.769462389653132
13,19.59299264179822
8,10.878774202996436
72,67.50080408441399
58,52.83458063096616
6,6.972594519007562
12,11.760632198697344
5,6.9507134079359805
17,14.224397394153112
9,6.1848532642848095
87,85.89913674713434
32,28.03543932041161
17,10.58821469700841
50,45.475161132978194
41,35.472972997994
8,11.231293966299749
11,22.00459722814102
13,15.910367551561862
13,14.224397394153112
48,41.34352930228718
9,15.953602994691977
24,21.06287597949589
24,24.71997927218393
28,41.165815464272086
20,16.448517269705217
40,32.777955707528186
18,19.264580740962682
67,44.57475800566398
14,12.86852113863847
8,13.086179287413131
5,3.486516534793027
11,8.15566948439239
62,56.11001828120359
14,13.086179287413131
29,21.068516147110905
17,14.224397394153112
61,77.68165345535094
11,7.247151494875664
8,6.9852997423136545
14,24.75643660363599
37,35.211898549041095
55,50.365178599321446
81,77.20660349837507
13,11.760632198697344
71,63.47946151306424
7,8.308915118714967
17,15.953602994691977
3,4.1494469677751855
74,63.47946151306424
8,7.975266750752122
91,85.7977172171571
17,15.4300766484977
9,8.15566948439239
40,10.58821469700841
5,7.0939635994645185
62,71.50951799179984
4,5.674844117913958
29,45.209088888289
11,13.086179287413131
21,17.300970665137474
31,29.502118816605087
16,15.953602994691977
11,10.700231107813945
17,22.72520287602327
8,9.336855107714289
1,4.529105459925445
10,11.28762567833315
12,15.222114877454157
11,8.15566948439239
7,7.247151494875664
21,21.804091447437244
6,9.476240454119768
10,20.282529054613498
7,6.1848532642848095
20,19.59299264179822
16,15.953602994691977
82,76.07053693700217
96,93.81650944458411
31,15.953602994691977
6,8.92113983833202
20,21.343426845839247
16,12.4519302009553
26,17.611959695826222
19,31.657442900716177
21,20.280816208285223
26,22.12079181547742
9,8.051138409337081
5,5.317647835650184
9,14.224397394153112
21,15.222114877454157
5,6.9507134079359805
6,4.529105459925445
19,15.910367551561862
77,63.47946151306424
11,11.032996094496529
31,36.14828793799812
7,9.06245909287603
2,7.600484206395791
12,12.4519302009553
8,15.953602994691977
11,16.335433791354845
41,35.705826023930605
8,8.051138409337081
9,9.476240454119768
14,14.71416603919769
23,21.804091447437244
18,25.652198667301967
8,7.600484206395791
13,18.91550704975158
40,50.04580111759155
8,9.894771281862369
7,8.051138409337081
19,26.152747056398237
13,14.991011178952286
12,8.230732220124079
45,15.953602994691977
17,16.248631455231042
53,44.29833778372346
5,6.9507134079359805
9,9.894771281862369
22,23.336699463104704
14,11.760632198697344
12,15.910367551561862
17,15.910367551561862
15,15.848648377631582
7,7.247151494875664
26,28.664111849069975
11,15.10138129475909
37,32.777955707528186
9,12.082229863616037
93,79.76615480199833
10,9.045125020320317
18,13.086179287413131
14,14.224397394153112
7,8.051138409337081
10,14.257099552812866
72,62.280991220157475
7,7.1144602526944904
13,15.910367551561862
15,19.59299264179822
37,27.464388332011772
17,15.967959761541454
11,8.141117710268954
9,5.674844117913958
20,23.625533505538975
20,20.95322773032782
37,35.705826023930605
34,30.08766083619281
26,24.682748460994976
66,57.821254566562075
16,14.083896770714176
41,30.22031757495305
19,21.804091447437244
9,8.925475135700726
10,9.456441810319856
33,37.72742251598697
13,23.227279834439123
37,32.777955707528186
13,20.654424999253983
6,11.760632198697344
18,15.222114877454157
68,61.93327379295219
10,8.141117710268954
9,9.843502999274646
47,42.97066575022573
13,15.222114877454157
13,11.760632198697344
48,43.446933445172235
69,56.69382599466868
22,21.804091447437244
12,12.4519302009553
10,7.600484206395791
41,35.4447515749777
20,30.08766083619281
10,11.231293966299749
11,10.218212064297484
5,8.051138409337081
11,8.141117710268954
12,15.910367551561862
25,20.654424999253983
7,12.112370379819179
16,11.760632198697344
20,15.910367551561862
3,6.708976758340983
12,8.94255868841196
19,28.01164545174047
43,37.72742251598697
17,16.26952975419858
14,12.4519302009553
8,6.092853533063374
7,6.9507134079359805
2,5.674844117913958
14,14.224397394153112
83,85.65644870576472
6,6.9507134079359805
13,13.086179287413131
50,52.04570669475478
3,4.285635420288315
14,23.868517691764204
21,15.953602994691977
12,9.06245909287603
8,10.358942600352297
41,28.01164545174047
7,10.486469239329136
55,44.59349384857968
13,9.336855107714289
23,26.869830886198194
14,10.486469239329136
16,15.953602994691977
17,24.03830846387341
57,71.65096914583589
2,6.9507134079359805
10,20.654424999253983
21,19.400357142857143
10,10.608763611623509
5,6.9507134079359805
19,14.282265364353474
12,11.760632198697344
16,15.910367551561862
11,12.231547937422194
82,70.78857763145683
33,22.83160968151046
10,7.533739347271127
2,6.9507134079359805
16,20.654424999253983
2,5.674844117913958
33,27.405342305382675
13,15.10138129475909
14,14.055773524720891
38,25.077482785926822
13,11.760632198697344
4,5.674844117913958
4,4.152862192552517
6,5.674844117913958
10,8.051138409337081
4,5.317647835650184
15,15.953602994691977
36,35.211898549041095
9,8.94255868841196
24,26.18029447338292
19,19.885107385231443
53,70.7448849415404
3,6.287519110388985
2,6.9507134079359805
12,9.631242545371792
16,17.29567343217766
53,63.47946151306424
10,9.06245909287603
17,15.910367551561862
102,90.022971816152
14,12.231547937422194
8,6.6898394272357535
13,11.760632198697344
2,4.285635420288315
20,20.95322773032782
35,47.04442554229078
2,4.082235462443193
5,9.894771281862369
21,18.769384504384504
6,4.529105459925445
16,15.910367551561862
9,8.141117710268954
6,5.674844117913958
12,12.4519302009553
19,18.991606726606726
40,32.9926475239506
50,45.74855913228642
6,4.14135637643875
61,79.50627328942363
76,61.89925812172102
13,9.108811520835642
5,4.529105459925445
35,43.22623520099468
8,10.58821469700841
18,18.343347558384295
37,35.211898549041095
10,13.086179287413131
22,17.843886407709938
36,44.57475800566398
4,5.954693400342576
49,71.78259732884786
29,49.140922596821795
47,71.62833036115231
19,15.319630865114231
8,9.06245909287603
13,14.224397394153112
108,95.96055627129404
12,15.953602994691977
46,44.29833778372346
71,59.9080866997283
15,15.910367551561862
27,26.151517556818312
33,45.67412646314197
27,21.804091447437244
11,6.9507134079359805
14,11.760632198697344
7,4.905468382676053
11,9.06245909287603
9,9.194128229729051
32,29.502118816605087
12,11.032996094496529
93,75.4584032412163
2,7.247151494875664
33,42.926593623933755
11,14.171604337410093
7,11.231293966299749
15,14.083896770714176
8,8.11307075808738
6,8.141117710268954
13,10.764738919464877
11,6.9507134079359805
28,45.78790536896526
60,53.03319416658742
53,57.254629365122454
39,35.472972997994
17,14.76349025974026
16,29.502118816605087
24,15.910367551561862
18,15.953602994691977
14,13.074563601455697
40,35.211898549041095
13,9.148726335078473
3,4.364101598479211
85,86.13211323029341
6,6.9507134079359805
35,49.742823753324004
10,8.94255868841196
26,24.03830846387341
11,20.654424999253983
11,15.953602994691977
22,21.804091447437244
13,14.171604337410093
15,14.809191749362004
6,4.665213296905976
12,8.94255868841196
7,8.925475135700726
12,12.082229863616037
45,36.937601709556795
9,7.247151494875664
33,35.211898549041095
16,23.521477233158095
15,15.910367551561862
15,19.931969144376048
52,27.609885973935945
12,15.222114877454157
7,10.001650707803622
16,16.26952975419858
37,29.502118816605087
7,7.517249059489977
12,8.141117710268954
43,42.476125419880645
14,10.375692182730464
6,13.086179287413131
5,4.665213296905976
35,20.654424999253983
10,10.375692182730464
21,17.96189825456405
29,8.15566948439239
33,20.654424999253983
9,10.19738222720532
6,15.953602994691977
13,20.654424999253983
8,7.485040963661332
14,13.737057109557108
4,6.1848532642848095
18,22.72520287602327
16,14.224397394153112
2,5.674844117913958
9,20.654424999253983
18,14.830642562058742
34,32.777955707528186
18,15.222114877454157
17,24.682748460994976
13,24.03830846387341
8,8.459824209624058
52,59.27908568586353
13,14.083896770714176
5,10.878774202996436
15,20.654424999253983
43,41.42436876242389
9,8.141117710268954
55,52.04570669475478
10,11.760632198697344
4,3.4276342205260972
67,69.67632330231969
27,24.682748460994976
12,10.486469239329136
7,7.5480811561298
53,44.6710832437581
4,8.141117710268954
4,5.085487016765773
67,56.69382599466868
7,9.06245909287603
7,7.533739347271127
21,22.344043036776753
45,35.472972997994
25,35.211898549041095
9,7.247151494875664
4,3.4276342205260972
9,5.102865048360429
18,15.910367551561862
25,19.264580740962682
16,15.222114877454157
9,8.141117710268954
9,9.894771281862369
22,19.264580740962682
50,87.2681804477989
30,35.211898549041095
23,23.65161800166855
10,15.222114877454157
25,24.71997927218393
20,18.081171979083216
28,15.953602994691977
16,19.264580740962682
6,6.9507134079359805
20,10.878774202996436
94,75.623080511649
10,7.971553681886003
35,30.08766083619281
9,8.141117710268954
15,11.760632198697344
2,6.9507134079359805
13,10.764738919464877
14,22.741280043039595
9,10.878774202996436
23,20.95322773032782
16,13.086179287413131
52,43.89740164922535
61,56.32037411420055
68,61.08533171891948
33,61.69987702233309
30,30.08766083619281
12,13.086179287413131
10,8.141117710268954
36,29.502118816605087
4,11.138220531577648
16,15.10138129475909
26,24.75643660363599
5,6.214498201953512
30,30.22031757495305
109,90.022971816152
28,36.937601709556795
15,21.804091447437244
15,21.726057490545575
18,19.264580740962682
13,14.224397394153112
14,14.224397394153112
10,13.783049671729737
6,6.214498201953512
14,7.600484206395791
6,8.15566948439239
71,61.69987702233309
7,4.814495308207218
6,8.051138409337081
7,7.600484206395791
8,8.710422104915985
6,8.141117710268954
59,63.1060096325961
50,56.11001828120359
12,10.778484810921327
1,4.250978966685488
4,7.247151494875664
30,38.84902986283522
14,15.10138129475909
25,20.654424999253983
18,15.222114877454157
9,10.58821469700841
8,7.155100315027139
8,8.141117710268954
29,21.804091447437244
11,17.309383671807016
5,9.208274660594912
8,8.141117710268954
33,24.656933825949416
31,25.077482785926822
18,14.224397394153112
8,15.953602994691977
8,8.141117710268954
20,22.72520287602327
13,11.760632198697344
7,6.911980613525775
14,15.222114877454157
5,15.953602994691977
21,24.75643660363599
82,71.49850619317515
21,17.739812278898526
18,14.083896770714176
17,19.264580740962682
20,15.222114877454157
14,13.086179287413131
10,12.4519302009553
26,26.152747056398237
20,15.10138129475909
58,50.696659942663246
26,26.17528050945291
14,13.185301340555592
13,15.953602994691977
22,25.078775616994264
65,63.1060096325961
36,41.616722679486074
23,22.72520287602327
20,24.118358429022578
19,26.152747056398237
19,20.030909729161092
3,6.9507134079359805
12,10.382172589917923
88,88.36678239708506
20,24.315309442973007
64,56.32300035403843
14,11.760632198697344
38,35.4447515749777
7,8.757983861655635
14,8.051138409337081
16,13.086179287413131
25,23.439318755956684
5,4.665213296905976
8,9.06245909287603
4,6.9507134079359805
71,76.86796936115937
42,35.472972997994
87,80.07727053128595
26,28.753638078759572
9,10.878774202996436
40,30.22031757495305
13,14.171604337410093
4,4.969125501426836
6,7.413539071409606
9,11.760632198697344
76,63.47946151306424
68,63.1060096325961
64,76.86796936115937
6,8.141117710268954
11,16.69206361590478
38,29.502118816605087
4,6.9507134079359805
12,10.815235506537952
71,62.72427653415964
76,71.49850619317515
11,6.9507134079359805
39,44.50169115583871
10,21.447239930279906
50,43.39949126548563
8,6.296603197666938
8,11.138220531577648
35,35.211898549041095
25,22.83160968151046
7,9.894771281862369
10,15.910367551561862
7,7.7458956395909695
13,10.649836428465521
35,15.953602994691977
9,7.422304720133669
8,6.9507134079359805
45,30.08766083619281
20,17.48545747312327
23,26.842283469213516
8,10.861863124875068
29,24.902840521518392
70,61.657799970146336
9,11.155290466790898
22,15.953602994691977
112,85.73953698970524
7,6.956234223213711
15,18.769384504384504
4,7.247151494875664
11,7.155100315027139
12,8.15566948439239
24,8.051138409337081
57,48.90196293650572
54,52.44334568173893
15,15.910367551561862
60,82.57626635517767
16,13.086179287413131
68,71.3466697350369
28,29.791061234968613
11,12.4519302009553
29,30.410204825084385
47,68.57242206033449
9,14.52740058052917
15,14.083896770714176
13,22.72520287602327
37,42.97066575022573
5,8.15566948439239
7,10.627024099359371
34,35.472972997994
52,58.45309965802922
76,74.87106599713448
26,20.654424999253983
12,15.10138129475909
24,15.222114877454157
16,11.231293966299749
8,6.1848532642848095
49,87.2681804477989
14,15.953602994691977
22,21.726057490545575
5,7.877918836957626
29,24.66056266272195
32,32.777955707528186
20,21.958662344412716
18,15.953602994691977
1,3.4276342205260972
29,20.654424999253983
11,10.764738919464877
9,9.291766035648546
36,41.616722679486074
7,10.58821469700841
14,15.953602994691977
39,63.47946151306424
81,62.07332890280122
5,5.645604178598086
26,35.472972997994
9,9.894771281862369
13,10.778484810921327
5,7.247151494875664
49,45.655617190293654
30,29.502118816605087
16,14.71416603919769
41,34.81280307796215
17,20.282529054613498
11,15.953602994691977
3,3.4276342205260972
25,15.953602994691977
12,15.910367551561862
6,6.9507134079359805
21,30.22031757495305
62,71.65096914583589
18,26.17528050945291
73,71.50951799179984
9,11.032996094496529
19,15.222114877454157
8,8.447240261219731
7,8.92113983833202
29,21.459729711900756
13,11.760632198697344
5,8.385716145767251
14,13.375187602570913
13,20.654424999253983
13,12.784629870634204
11,15.953602994691977
27,24.162835389994676
10,10.226202590755888
24,26.24690996850061
19,13.993293695651241
16,14.224397394153112
89,88.58727564466247
70,46.37301494710698
7,8.141117710268954
36,41.616722679486074
35,56.32037411420055
15,14.224397394153112
15,11.093505186673692
13,11.798207205108278
18,12.38628342329744
3,6.9507134079359805
19,22.178020083434937
5,4.529105459925445
20,14.830642562058742
7,15.953602994691977
32,51.84709315913352
8,8.141117710268954
16,13.881044831422068
9,8.051138409337081
19,14.224397394153112
98,93.09984277791744
22,19.264580740962682
42,51.84709315913352
15,15.222114877454157
85,70.53762898901326
25,15.910367551561862
10,9.773676451589816
28,23.521477233158095
4,8.894215929411224
16,14.083896770714176
13,18.081171979083216
21,15.222114877454157
11,15.709523809523812
14,13.086179287413131
42,36.58937607806756
18,19.264580740962682
47,45.74855913228642
8,7.199261185674229
51,63.47946151306424
38,34.81280307796215
3,7.849030954269528
6,7.45298390465491
49,60.28153858019643
11,8.453750767820933
13,15.910367551561862
6,6.9507134079359805
9,8.141117710268954
9,8.84766768289464
7,7.971553681886003
5,7.247151494875664
71,58.40725178137244
4,7.600484206395791
13,14.083896770714176
16,11.760632198697344
24,26.920349561120666
38,32.777955707528186
11,14.224397394153112
11,11.760632198697344
10,7.856938368746439
7,6.9507134079359805
13,8.15566948439239
26,21.068516147110905
4,7.600484206395791
8,6.9507134079359805
5,9.653566494993743
10,8.051138409337081
24,24.969222146132
39,32.9926475239506
7,8.141117710268954
26,25.273877832383786
5,5.085487016765773
10,8.15566948439239
10,10.778484810921327
16,15.910367551561862
62,53.03319416658742
104,91.31962858583894
7,4.14135637643875
18,23.576766535754693
27,24.969222146132
37,59.627845694650375
24,15.953602994691977
61,59.120556234428534
30,37.908727322589684
4,6.9507134079359805
57,83.19892558023513
4,7.600484206395791
110,91.74887514921501
5,7.975266750752122
7,8.051138409337081
18,19.59299264179822
16,14.224397394153112
23,21.898906159384303
42,37.72742251598697
24,21.068516147110905
30,24.261161042398804
47,41.616722679486074
12,19.59299264179822
29,31.49980954373121
40,35.211898549041095
18,20.985288531163558
11,10.625308884252496
12,14.083896770714176
19,19.264580740962682
23,31.089975183557975
10,10.700231107813945
8,6.9233725412014895
19,17.84243407977162
5,15.953602994691977
31,30.08766083619281
11,16.248631455231042
22,31.265600457797984
12,10.778484810921327
6,5.36182447901651
14,10.71162170858273
52,47.65828101136401
12,10.998897913471698
10,10.608763611623509
7,8.141117710268954
39,29.502118816605087
37,47.90302867271198
5,10.226202590755888
13,11.604376150616242
27,22.050500362282854
2,4.359039357741389
26,24.162835389994676
4,11.760632198697344
74,61.450601161244435
11,8.15566948439239
11,9.894771281862369
13,11.09228299686237
11,17.309383671807016
13,14.56135797394202
53,66.10239480913823
19,15.10138129475909
57,53.73424253034547
6,8.368536227459334
26,21.804091447437244
9,9.894771281862369
55,47.38644726023378
21,20.985288531163558
6,8.369683149642842
46,41.68177687643009
13,9.729864342048758
11,15.953602994691977
17,20.95774111417888
20,20.95774111417888
16,20.95774111417888
17,10.58821469700841
52,76.07053693700217
26,32.8535285091551
7,8.807314623677202
77,72.50716333279561
9,6.9507134079359805
5,4.2119831065480735
34,36.937601709556795
38,32.777955707528186
8,8.141117710268954
12,9.721476056696408
4,4.14135637643875
11,8.141117710268954
20,17.611959695826222
9,8.141117710268954
62,74.18804812628527
17,15.17237032264452
47,69.42345096389099
7,7.0085624498531205
6,5.674844117913958
18,16.448517269705217
57,52.24473214611768
19,19.264580740962682
8,6.287519110388985
27,32.777955707528186
15,14.224397394153112
16,15.953602994691977
16,19.264580740962682
54,49.140922596821795
11,4.905468382676053
4,8.708115146973995
34,36.937601709556795
3,6.6594852967004865
9,8.051138409337081
13,16.745161352498894
11,15.107099496851253
33,29.502118816605087
7,15.953602994691977
24,35.705826023930605
8,7.047543093107609
16,18.301014098308723
14,10.246219867353242
14,20.654424999253983
52,72.63823484394557
29,44.48030405463016
4,6.287519110388985
12,11.231293966299749
19,18.4444228272015
11,26.152747056398237
17,19.848549067415032
15,11.231293966299749
45,35.4447515749777
50,46.845812006669526
14,14.56135797394202
9,15.222114877454157
8,8.051138409337081
6,8.141117710268954
7,15.953602994691977
20,21.326323714374386
21,17.69978361744308
4,4.285635420288315
10,8.925475135700726
2,6.9507134079359805
5,7.975266750752122
52,38.84902986283522
5,3.3955782314511245
5,15.953602994691977
30,30.997962480450248
15,20.654424999253983
23,15.910367551561862
61,52.24473214611768
16,15.953602994691977
14,15.707470286998012
3,6.9507134079359805
25,15.953602994691977
6,6.708976758340983
30,24.43682218067296
11,8.051138409337081
11,8.141117710268954
18,14.171604337410093
3,6.9507134079359805
21,15.953602994691977
19,13.086179287413131
21,14.991011178952286
26,21.898906159384303
13,13.881044831422068
34,42.36603542909055
35,26.099416774717533
46,63.220169439702396
14,15.10138129475909
6,6.9507134079359805
11,8.141117710268954
8,8.141117710268954
10,15.910367551561862
19,24.46141271373145
49,44.29833778372346
83,71.49850619317515
6,15.910367551561862
113,95.92272727294632
12,14.224397394153112
12,8.141117710268954
17,7.600484206395791
14,18.343347558384295
33,30.410204825084385
12,9.894771281862369
18,14.224397394153112
51,56.69382599466868
12,10.878774202996436
12,14.991011178952286
24,20.654424999253983
14,15.953602994691977
7,8.051138409337081
56,52.04570669475478
15,14.224397394153112
7,8.141117710268954
16,27.727754313664253
19,26.920349561120666
8,7.485040963661332
48,43.446933445172235
14,11.09228299686237
15,11.361762361705342
44,22.72520287602327
19,11.09228299686237
50,46.760427197235224
8,8.051138409337081
11,14.224397394153112
12,12.4519302009553
17,15.953602994691977
31,38.84902986283522
27,36.14828793799812
37,28.01164545174047
16,14.224397394153112
19,26.544965955546992
54,56.32037411420055
6,7.406873514744051
20,21.88945838026026
27,43.39949126548563
9,9.894771281862369
21,18.18022297477337
21,21.253700687593092
11,10.486469239329136
1,3.4276342205260972
17,16.448517269705217
26,30.08766083619281
76,76.97147224162589
5,6.287519110388985
32,35.211898549041095
6,8.141117710268954
42,41.616722679486074
18,15.953602994691977
15,9.894771281862369
16,14.224397394153112
14,15.910367551561862
61,56.596474922642145
11,15.910367551561862
19,21.804091447437244
18,20.654424999253983
22,22.72520287602327
6,9.253079406120186
19,19.264580740962682
5,4.2119831065480735
18,18.976117188893447
12,10.778484810921327
68,56.69382599466868
10,18.081171979083216
23,21.804091447437244
92,70.78857763145683
82,63.220169439702396
5,8.141117710268954
7,4.223099281515427
26,23.521477233158095
64,69.67632330231969
5,10.625308884252496
14,14.809191749362004
18,17.016562987400054
55,44.57475800566398
30,24.8846793235301
11,10.778484810921327
16,12.4519302009553
18,15.910367551561862
9,20.654424999253983
14,20.654424999253983
9,10.887033291759248
19,19.264580740962682
20,14.224397394153112
13,12.082229863616037
40,35.472972997994
14,9.456441810319856
18,14.257099552812866
21,31.089975183557975
9,14.225850637487852
9,10.402585071932897
1,3.4276342205260972
9,8.308915118714967
24,21.804091447437244
9,11.864963371559131
24,35.472972997994
19,36.58937607806756
12,9.313714932334623
26,21.068516147110905
17,15.953602994691977
5,10.58821469700841
15,16.26952975419858
14,17.536883971244073
3,4.285635420288315
20,24.13962392316238
8,6.1848532642848095
17,19.264580740962682
24,21.804091447437244
28,20.654424999253983
44,56.11001828120359
39,63.1060096325961
34,30.410204825084385
40,35.211898549041095
15,14.59953886355687
40,26.099416774717533
9,10.764738919464877
34,33.12482255399194
55,44.44997666455611
8,15.953602994691977
22,25.373820722067233
66,56.69382599466868
11,15.953602994691977
4,3.3366959171841954
14,11.760632198697344
7,7.4371575109437815
7,7.247151494875664
18,15.910367551561862
6,6.241472382052281
6,8.051138409337081
16,20.654424999253983
15,12.563093042567916
44,61.11087505349177
25,21.499234404160852
8,8.051138409337081
13,14.224397394153112
80,62.65444310062561
6,4.082235462443193
36,15.953602994691977
19,29.791061234968613
45,35.211898549041095
12,13.086179287413131
6,8.141117710268954
15,14.224397394153112
25,27.851105565991816
8,8.141117710268954
8,6.330998963868781
4,8.141117710268954
5,8.141117710268954
13,9.208274660594912
37,26.842283469213516
13,10.821504646587119
68,61.120544263332455
20,14.083896770714176
22,17.611959695826222
10,15.953602994691977
15,15.910367551561862
37,35.211898549041095
11,20.654424999253983
9,10.625308884252496
12,14.224397394153112
3,8.15566948439239
58,56.32037411420055
13,13.686828388708339
24,22.050500362282854
36,35.705826023930605
6,8.076722245309444
61,51.32319709135341
8,14.224397394153112
12,15.910367551561862
13,15.10138129475909
31,25.02538200382604
3,4.819843490125594
12,10.608763611623509
10,15.910367551561862
74,65.03997821248281
9,7.600484206395791
35,28.03543932041161
38,35.02777513118611
6,7.247151494875664
11,9.06245909287603
54,73.49761607543803
33,35.211898549041095
41,41.165815464272086
10,8.141117710268954
29,15.953602994691977
10,7.247151494875664
27,17.298094431468055
17,13.086179287413131
49,55.180315840225454
36,31.892463631440933
41,35.02777513118611
62,54.1032674015528
26,25.078775616994264
8,10.58821469700841
6,8.051138409337081
17,11.760632198697344
12,13.692424455318758
76,73.10712790604137
14,15.953602994691977
13,17.298094431468055
7,15.953602994691977
23,25.652198667301967
14,15.910367551561862
35,43.22623520099468
16,11.09228299686237
6,6.9507134079359805
19,21.447239930279906
11,8.141117710268954
7,15.953602994691977
17,17.016562987400054
9,17.112178486101687
15,11.231293966299749
6,8.051138409337081
20,13.086179287413131
44,72.37794234998026
52,67.88387508391835
73,75.31852242248765
9,9.855550616558562
12,15.953602994691977
9,11.760632198697344
10,12.082229863616037
8,11.187597804285245
14,16.69206361590478
6,10.778484810921327
43,25.078775616994264
8,10.486469239329136
6,6.9507134079359805
36,29.502118816605087
11,13.103034587606913
84,71.49850619317515
43,68.10099348890591
3,4.969125501426836
10,20.654424999253983
89,63.975354418607004
8,11.864963371559131
6,7.247151494875664
8,9.06245909287603
18,23.521477233158095
26,25.521164643777617
6,5.102865048360429
15,21.726057490545575
96,81.72753508155049
69,61.93327379295219
6,11.138220531577648
52,41.616722679486074
7,4.814495308207218
27,24.46141271373145
10,10.540000776696932
30,29.502118816605087
6,18.081171979083216
13,10.19738222720532
18,21.804091447437244
39,41.639761904761905
10,10.431973932782295
4,8.051138409337081
11,10.778484810921327
7,5.536405189831728
63,52.27580531856635
63,57.254629365122454
5,7.247151494875664
40,35.472972997994
20,21.804091447437244
16,22.178020083434937
39,36.937601709556795
26,26.19776163968724
23,15.97734020880149
33,29.791061234968613
4,4.250978966685488
23,35.4447515749777
19,21.804091447437244
44,52.83458063096616
13,15.222114877454157
23,21.068516147110905
19,15.222114877454157
13,14.224397394153112
12,11.61294757918767
63,62.07332890280122
20,21.804091447437244
56,73.49761607543803
10,11.032996094496529
78,63.60190253813886
29,26.99724706728744
30,24.71997927218393
8,8.94255868841196
11,15.953602994691977
12,12.4519302009553
15,8.969448796853225
7,8.141117710268954
12,14.809191749362004
18,14.224397394153112
54,75.623080511649
16,14.484801165716092
8,15.953602994691977
87,79.29198748530317
17,15.495730582640252
4,4.175771511650675
14,15.910367551561862
40,36.024786162004474
9,7.939769211489666
14,10.815235506537952
25,36.937601709556795
67,62.07332890280122
38,20.654424999253983
11,19.264580740962682
13,25.790782151376696
8,6.214498201953512
11,11.055879646587119
9,10.778484810921327
35,42.185333790597184
12,10.540000776696932
16,12.784629870634204
6,6.9507134079359805
10,8.051138409337081
14,16.248631455231042
13,13.086179287413131
15,18.4444228272015
7,9.551071292529926
3,4.175771511650675
26,24.975589940064133
12,9.20610397248202
10,6.9507134079359805
6,7.971553681886003
21,18.4444228272015
7,7.155100315027139
14,20.282529054613498
48,42.080457484647845
13,13.16023535155511
16,8.051138409337081
14,15.10138129475909
17,11.760632198697344
9,11.760632198697344
6,7.391013263007383
8,9.06245909287603
52,79.56929124655423
45,39.4608639372058
29,15.953602994691977
8,6.9507134079359805
26,15.910367551561862
35,31.657442900716177
24,21.06287597949589
37,44.29833778372346
19,14.991011178952286
7,7.600484206395791
51,45.15875342357631
52,39.02924012940169
5,6.9507134079359805
36,26.151517556818312
3,4.359039357741389
29,27.53335573028578
86,85.89913674713434
79,62.61909521168517
23,15.222114877454157
36,36.58937607806756
14,13.086179287413131
44,29.941236401978262
2,15.953602994691977
34,29.502118816605087
4,4.082235462443193
21,20.654424999253983
102,81.72753508155049
24,20.95774111417888
81,63.60190253813886
17,20.654424999253983
96,80.07727053128595
5,8.051138409337081
30,29.502118816605087
16,21.753335166557626
3,7.247151494875664
17,20.42564405409294
89,85.3412036563719
40,49.581658200506624
65,55.70582881078693
8,8.993660408343027
10,15.953602994691977
77,63.1060096325961
18,10.608763611623509
31,26.842283469213516
10,8.141117710268954
19,15.910367551561862
50,45.675089064957504
6,8.051138409337081
14,19.59299264179822
13,6.9507134079359805
5,6.9507134079359805
38,36.937601709556795
5,4.2119831065480735
11,8.141117710268954
37,35.705826023930605
20,15.848648377631582
12,8.453750767820933
6,8.051138409337081
20,20.654424999253983
31,30.08766083619281
17,14.171604337410093
64,56.69382599466868
12,15.910367551561862
8,6.6898394272357535
42,43.92939379638343
39,63.60190253813886
17,15.10138129475909
5,13.074563601455697
13,10.224884012539183
101,89.9826466060412
25,35.472972997994
8,9.148726335078473
15,14.083896770714176
14,18.91550704975158
16,15.953602994691977
19,26.569668217325848
58,45.74855913228642
45,68.5659440494356
40,42.07622160997949
36,41.616722679486074
11,8.141117710268954
81,68.56459038969517
10,21.326323714374386
96,92.14552422611085
22,21.958662344412716
28,24.656933825949416
17,21.06287597949589
7,7.115298423168959
8,9.850539165927142
17,15.17237032264452
15,22.72520287602327
22,36.14828793799812
9,12.082229863616037
16,15.10138129475909
16,29.502118816605087
22,19.264580740962682
5,15.953602994691977
72,60.46140237258807
82,71.49850619317515
6,5.317647835650184
11,8.051138409337081
7,5.36182447901651
27,20.654424999253983
23,19.264580740962682
6,15.953602994691977
6,8.051138409337081
10,7.247151494875664
11,20.654424999253983
8,6.9507134079359805
16,15.953602994691977
9,13.086179287413131
18,24.03830846387341
39,42.30495537621326
6,4.359039357741389
7,7.517249059489977
43,47.402805707271625
10,15.910367551561862
15,20.654424999253983
17,14.224397394153112
25,24.118358429022578
15,11.760632198697344
8,9.06245909287603
9,8.374076652822769
6,8.141117710268954
51,35.02777513118611
6,7.765356668185616
11,6.9507134079359805
14,10.257834181436749
30,35.4447515749777
8,8.94255868841196
8,8.38363646275766
4,7.508147450280281
62,48.69958163066449
20,10.58821469700841
11,6.9507134079359805
12,14.944668709741293
27,25.077482785926822
31,26.73208896823408
54,16.69206361590478
5,4.1494469677751855
15,22.12079181547742
22,39.61951847647025
30,25.652198667301967
17,24.43682218067296
10,14.56135797394202
3,15.953602994691977
13,20.654424999253983
9,10.58821469700841
30,21.804091447437244
15,14.830642562058742
3,5.317647835650184
8,6.9507134079359805
12,25.396047826444853
10,14.224397394153112
17,22.518306821483332
16,14.830642562058742
25,15.910367551561862
19,15.740459462104397
5,6.997381763137173
6,7.517249059489977
20,21.06287597949589
14,15.953602994691977
7,4.175771511650675
7,10.778484810921327
6,11.864963371559131
7,6.6898394272357535
15,14.224397394153112
13,9.313714932334623
10,7.600484206395791
66,63.1060096325961
10,15.10138129475909
22,21.068516147110905
29,18.91550704975158
10,14.083896770714176
12,11.231293966299749
28,23.408522763573313
74,67.0947371595399
18,23.336699463104704
6,6.330998963868781
2,3.4276342205260972
92,97.51894576034127
15,15.222114877454157
7,8.805323714423572
8,8.051138409337081
22,20.95322773032782
44,36.937601709556795
16,19.264580740962682
12,11.760632198697344
14,13.086179287413131
24,25.078775616994264
5,6.1848532642848095
12,9.06245909287603
4,4.078820237665862
9,6.9507134079359805
36,45.78790536896526
17,20.282529054613498
24,35.472972997994
30,20.654424999253983
16,14.224397394153112
5,3.4276342205260972
36,29.502118816605087
12,9.194128229729051
14,15.222114877454157
21,25.06291490602539
21,21.253700687593092
8,8.051138409337081
24,23.57266308820229
18,14.224397394153112
28,35.4447515749777
60,52.44334568173893
51,52.04570669475478
21,26.842283469213516
117,91.15194007012025
25,20.42564405409294
18,19.264580740962682
14,10.625308884252496
76,67.97705296373135
20,15.222114877454157
26,35.472972997994
25,37.72742251598697
24,20.95774111417888
32,36.58937607806756
13,13.086179287413131
13,10.764738919464877
9,9.894771281862369
5,8.993660408343027
25,15.222114877454157
16,18.91550704975158
7,8.141117710268954
40,35.472972997994
82,62.07332890280122
19,14.830642562058742
15,5.070482460286532
62,53.65125547904908
21,19.264580740962682
23,24.315309442973007
8,13.086179287413131
12,13.056805564470952
16,13.97787903084981
9,15.953602994691977
16,6.9507134079359805
14,11.09228299686237
30,33.69229027115014
7,6.9507134079359805
8,10.58821469700841
3,4.285635420288315
5,8.15566948439239
34,33.12482255399194
13,13.086179287413131
15,14.083896770714176
35,51.07546263197229
6,9.06245909287603
9,6.287519110388985
20,15.953602994691977
13,12.24457898089874
5,5.317647835650184
8,10.778484810921327
8,6.9507134079359805
11,15.953602994691977
78,74.87106599713448
78,77.67804295338067
6,7.0085624498531205
6,6.1848532642848095
7,6.9507134079359805
1,4.14135637643875
13,11.760632198697344
11,14.830642562058742
10,10.218212064297484
20,15.910367551561862
9,9.89473938984603
12,8.995249969236887
9,12.109578980898743
9,7.247151494875664
32,38.84902986283522
33,49.58684632210054
26,25.297908472830102
6,3.4276342205260972
16,25.396047826444853
23,26.24690996850061
27,35.705826023930605
25,15.222114877454157
27,24.630647678894192
10,9.06245909287603
4,7.335805640600436
7,15.953602994691977
86,76.22410862641405
10,11.231293966299749
12,17.39458895762389
6,6.1848532642848095
7,6.214498201953512
19,15.953602994691977
33,25.396047826444853
51,88.27933545251564
19,15.222114877454157
10,14.665912706376275
14,11.760632198697344
9,8.15566948439239
46,41.616722679486074
16,20.654424999253983
6,7.833713941616347
6,8.784703944923589
12,11.864963371559131
31,30.08766083619281
18,15.17237032264452
6,5.674844117913958
9,8.141117710268954
62,63.47946151306424
29,35.211898549041095
6,8.141117710268954
16,7.600484206395791
38,24.71997927218393
13,7.600484206395791
22,23.336699463104704
15,14.224397394153112
12,11.864963371559131
54,44.44997666455611
31,23.673071436056645
12,17.298094431468055
5,6.330998963868781
16,22.72520287602327
7,7.485040963661332
22,27.851105565991816
40,26.961628674423842
8,15.953602994691977
3,6.9507134079359805
14,8.051138409337081
44,42.664850742609815
14,15.953602994691977
10,15.910367551561862
10,13.086179287413131
16,15.222114877454157
71,61.31814392389663
44,35.211898549041095
21,25.296272148760277
23,31.089975183557975
45,63.60190253813886
18,14.224397394153112
79,68.74064889462558
62,39.4608639372058
17,14.224397394153112
44,67.88387508391835
9,15.953602994691977
29,44.66254831003925
23,15.222114877454157
10,8.38057501919658
3,12.68563403114234
31,20.654424999253983
19,20.654424999253983
10,9.894771281862369
48,39.02924012940169
5,11.138220531577648
20,22.050500362282854
24,15.953602994691977
32,24.08989292800341
8,8.15566948439239
13,14.083896770714176
10,15.953602994691977
40,51.07546263197229
9,11.451788337038575
48,29.502118816605087
19,25.06291490602539
18,30.08766083619281
67,75.86819241234043
59,90.23913077415305
15,21.804091447437244
20,15.222114877454157
48,51.763936600994256
9,11.231293966299749
14,14.56135797394202
10,15.910367551561862
9,15.953602994691977
6,4.2119831065480735
18,17.298094431468055
87,75.4584032412163
33,27.055747888989902
12,10.625308884252496
28,24.03830846387341
9,8.141117710268954
12,22.72520287602327
11,6.9507134079359805
32,46.370913978283866
12,14.830642562058742
13,24.71997927218393
74,75.04303026605184
18,15.222114877454157
37,70.78857763145683
12,8.15566948439239
30,26.17528050945291
18,15.222114877454157
42,35.472972997994
29,15.953602994691977
11,8.141117710268954
12,14.171604337410093
4,8.141117710268954
16,20.654424999253983
11,13.503829149766679
15,14.083896770714176
7,8.141117710268954
14,12.112370379819179
14,8.19828529844898
21,26.920349561120666
15,14.224397394153112
13,11.760632198697344
14,15.17237032264452
18,24.261161042398804
9,12.925641691807357
10,11.760632198697344
23,24.682748460994976
32,30.410204825084385
2,4.285635420288315
4,6.9507134079359805
11,11.09228299686237
19,30.08766083619281
36,52.68444080267493
12,14.171604337410093
34,32.8535285091551
10,9.945557508068774
8,15.953602994691977
34,45.051658841577115
82,71.41964473160513
10,13.086179287413131
64,57.254629365122454
3,6.9507134079359805
18,14.59953886355687
16,12.082229863616037
6,8.516372267842549
21,16.248631455231042
76,65.948413360825
54,53.5550115875993
13,8.362025720858131
33,35.211898549041095
8,8.141117710268954
15,11.09228299686237
53,48.72342798961729
34,30.410204825084385
9,8.413213169857933
85,76.01149804661108
8,8.051138409337081
17,20.654424999253983
58,47.65828101136401
15,10.540000776696932
2,4.529105459925445
5,8.379834658944851
16,14.205580643753034
26,35.472972997994
14,20.794226654288444
14,15.910367551561862
9,11.032996094496529
5,14.224397394153112
16,12.38628342329744
10,10.887033291759248
33,49.742823753324004
15,10.998897913471698
80,72.53461184336238
46,46.37301494710698
25,26.869830886198194
13,8.92113983833202
23,26.73208896823408
17,15.910367551561862
10,10.001650707803622
5,8.459824209624058
13,12.231547937422194
6,15.953602994691977
19,14.224397394153112
5,8.051138409337081
43,32.8535285091551
5,4.2119831065480735
13,15.848648377631582
6,8.051138409337081
11,13.086179287413131
13,15.953602994691977
66,61.31814392389663
14,15.910367551561862
64,74.18804812628527
12,12.112370379819179
18,15.910367551561862
31,35.472972997994
19,14.224397394153112
44,36.937601709556795
15,11.138220531577648
6,6.9507134079359805
15,22.00459722814102
6,8.15566948439239
14,15.953602994691977
21,15.222114877454157
2,4.175771511650675
10,9.13480250515753
10,14.224397394153112
16,16.26952975419858
30,42.97066575022573
38,31.49980954373121
21,14.224397394153112
20,16.248631455231042
58,81.50764107057864
6,6.9507134079359805
14,14.224397394153112
17,18.418951139782017
2,3.4276342205260972
14,21.804091447437244
8,5.674844117913958
9,11.760632198697344
22,29.242383105965068
26,23.673071436056645
13,16.1277588224092
44,35.472972997994
55,78.85000190615231
103,73.43950943645754
17,12.097060713705778
9,10.58821469700841
30,20.654424999253983
4,5.554181218288992
11,20.654424999253983
40,30.08766083619281
12,11.760632198697344
25,15.953602994691977
22,24.162835389994676
61,56.69382599466868
38,35.211898549041095
20,17.45776137515449
3,8.051138409337081
15,13.086179287413131
65,78.50035963473911
52,61.11087505349177
33,39.312908508649045
28,26.17528050945291
60,63.1060096325961
6,8.141117710268954
16,13.50884821250744
61,71.99634612475366
48,70.24647890629585
40,35.211898549041095
76,74.12980037591063
7,7.268952664657574
28,31.892463631440933
37,32.777955707528186
7,8.141117710268954
7,6.9507134079359805
8,7.975266750752122
18,14.171604337410093
110,104.8679131652661
32,52.44334568173893
11,15.953602994691977
6,15.953602994691977
12,11.864963371559131
19,15.222114877454157
11,20.654424999253983
7,10.778484810921327
11,7.247151494875664
23,23.336699463104704
17,22.72520287602327
7,9.116116658852246
21,20.030909729161092
2,5.383714609900967
4,4.175771511650675
40,40.40414692809124
55,47.65828101136401
23,23.673071436056645
12,9.89473938984603
4,3.486516534793027
17,21.64710082687964
6,4.152862192552517
10,7.856938368746439
19,15.953602994691977
10,11.53167883576834
33,37.908727322589684
19,20.654424999253983
8,10.625308884252496
10,14.830642562058742
16,14.224397394153112
5,6.9507134079359805
15,20.311540595710422
25,19.264580740962682
81,62.07332890280122
20,21.068516147110905
36,45.209088888289
17,15.910367551561862
14,11.09228299686237
55,58.07964777756109
29,25.396047826444853
11,15.910367551561862
9,10.486469239329136
10,8.141117710268954
7,8.141117710268954
26,23.336699463104704
9,9.06245909287603
34,24.118358429022578
4,4.285635420288315
49,45.1215514478112
12,15.953602994691977
30,25.02538200382604
16,14.224397394153112
7,6.9507134079359805
25,10.58821469700841
20,14.56135797394202
9,8.613196310577418
17,14.830642562058742
